0.01,27.82,0,255,255
0.01,31.64,0,255,255
0.02,35.77,0,255,255
0.02,35.94,0,255,255
0.03,33.07,0,255,255
0.03,28.5,0,255,255
0.04,26.46,0,255,255
0.05,26.37,5.25,255,255
0.05,27.19,5.25,255,255
0.05,28.32,5.25,255,255
0.06,26.83,5.25,255,255
0.06,26.34,5.25,255,255
0.07,24.34,5.25,255,255
0.07,22.31,5.25,255,255
0.08,21.89,5.25,255,255
0.08,22.76,22.12,255,255
0.09,22.05,22.12,255,255
0.1,20.48,22.12,255,255
0.1,20.19,22.12,255,255
0.1,18.61,22.12,255,255
0.11,19.27,22.12,255,255
0.11,17.94,22.12,255,255
0.12,17.81,22.12,255,255
0.12,17.75,40.09,255,255
0.13,17.37,40.09,255,255
0.13,15.14,40.09,255,255
0.14,12.73,40.09,255,255
0.14,10.19,40.09,255,255
0.15,9.42,40.09,255,255
0.15,9.43,40.09,255,255
0.16,9.63,40.09,255,255
0.16,8.93,54.76,255,255
0.17,7.91,54.76,255,255
0.17,6.39,54.76,255,255
0.18,6.28,54.76,255,255
0.18,6.99,54.76,255,255
0.19,8.21,54.76,255,255
0.19,7.13,54.76,255,255
0.2,5.97,54.76,255,255
0.2,5.22,66.53,255,255
0.21,4.73,66.53,255,255
0.22,2.69,66.53,255,255
0.22,2.41,66.53,255,255
0.22,1.94,66.53,255,255
0.23,1.14,66.53,255,255
0.23,0.57,66.53,255,255
0.24,-0.3,66.53,255,255
0.24,-0.3,75.97,255,255
0.25,-1.51,75.97,255,255
0.25,-2.74,75.97,255,255
0.26,-3.43,75.97,255,255
0.26,-3.67,75.97,255,255
0.27,-4.27,75.97,255,255
0.27,-5.16,75.97,255,255
0.28,-4.76,75.97,255,255
0.28,-4.72,83.93,255,255
0.29,-6.1,83.93,255,255
0.29,-6.97,83.93,255,255
0.3,-7.31,83.93,255,255
0.31,-7.22,83.93,255,255
0.31,-7.38,83.93,255,255
0.31,-7.98,83.93,255,255
0.32,-9.09,83.93,255,255
0.32,-9.93,90.7,255,255
0.33,-10.51,90.7,255,255
0.34,-10.42,90.7,255,255
0.34,-11.31,90.7,249.03,255
0.35,-11.93,90.7,211.31,230.31
0.35,-12.77,90.7,159.21,178.21
0.36,-13.67,90.7,105.52,124.52
0.36,-14.47,90.7,57.93,76.93
0.37,-14.34,94.99,140.83,140.83
0.37,-15.15,94.99,99.89,99.89
0.38,-15.08,94.99,100.6,100.6
0.38,-16.25,94.99,39.01,39.01
0.39,-18.02,94.99,-47.26,-47.26
0.39,-18.31,94.99,-55.48,-55.48
0.4,-17.36,94.99,0.14,0.14
0.4,-15.49,94.99,111.58,111.58
0.41,-14.33,80.89,69.77,70.77
0.41,-14.15,80.89,91.6,92.6
0.42,-15.08,80.89,40.16,41.16
0.42,-16.2,80.89,-27.46,-26.46
0.43,-16.73,80.89,-56.68,-55.68
0.43,-17.32,80.89,-80.82,-79.82
0.44,-17.57,80.89,-81.75,-80.75
0.44,-18.06,80.89,-91.13,-90.13
0.45,-17.86,54.23,-255,-255
0.45,-17.96,54.23,-255,-255
0.46,-18.52,54.23,-255,-255
0.46,-18.6,54.23,-255,-255
0.47,-18.07,54.23,-252.15,-248.15
0.47,-17.16,54.23,-174.77,-170.77
0.48,-16.3,54.23,-105.37,-101.37
0.48,-15.56,54.23,-56.64,-52.64
0.49,-14.6,33.31,-206.81,-199.81
0.49,-14.19,33.31,-193.7,-186.7
0.5,-13.84,33.31,-183.56,-176.56
0.5,-13.21,33.31,-142.41,-135.41
0.51,-12.47,33.31,-83.77,-76.77
0.51,-11.71,33.31,-35.23,-28.23
0.52,-11.52,33.31,-34.49,-27.49
0.52,-11.06,33.31,-23.57,-16.57
0.53,-11.31,16.12,-219.63,-199.63
0.53,-10.93,16.12,-205.53,-185.53
0.54,-10.24,16.12,-174.26,-154.26
0.54,-9.43,16.12,-117.34,-97.34
0.55,-9.19,16.12,-89.14,-69.14
0.55,-8.27,16.12,-39.03,-19.03
0.56,-7.27,16.12,4.68,24.68
0.56,-6.73,16.12,26.8,46.8
0.57,-6.37,6.93,-46.28,-32.28
0.57,-6.13,6.93,-43.39,-29.39
0.58,-5.97,6.93,-48.89,-34.89
0.58,-5.6,6.93,-36.57,-22.57
0.59,-5.49,6.93,-34.97,-20.97
0.59,-5.49,6.93,-41.99,-27.99
0.6,-5.48,6.93,-50.61,-36.61
0.6,-5.4,6.93,-53.82,-39.82
0.61,-5.22,-1.75,-127.69,-136.69
0.61,-5,-1.75,-122.36,-131.36
0.62,-4.88,-1.75,-121.29,-130.29
0.62,-5.55,-1.75,-147.37,-156.37
0.63,-6.45,-1.75,-180.84,-189.84
0.63,-7.37,-1.75,-221.47,-230.47
0.64,-7.46,-1.75,-227.61,-236.61
0.64,-7.25,-1.75,-212.72,-221.72
0.65,-7.04,-9.32,-255,-255
0.65,-7.21,-9.32,-255,-255
0.66,-7.38,-9.32,-255,-255
0.66,-7.21,-9.32,-255,-248.91
0.67,-6.72,-9.32,-225.35,-218.35
0.67,-6.43,-9.32,-205.59,-198.59
0.68,-6.19,-9.32,-188.32,-181.32
0.68,-5.36,-9.32,-142.44,-135.44
0.69,-4.54,-22.58,-252.36,-214.36
0.69,-4.14,-22.58,-231.13,-193.13
0.7,-4.08,-22.58,-229.03,-191.03
0.7,-3.53,-22.58,-200.75,-162.75
0.71,-3.33,-22.58,-187.82,-149.82
0.71,-3.19,-22.58,-181.54,-143.54
0.72,-2.75,-22.58,-160.23,-122.23
0.72,-2.36,-22.58,-143.38,-105.38
0.73,-2.37,-36.35,-255,-255
0.73,-2.33,-36.35,-255,-255
0.74,-2.46,-36.35,-255,-255
0.74,-2.04,-36.35,-255,-228.58
0.75,-1.6,-36.35,-238.18,-198.18
0.75,-1.2,-36.35,-217.19,-177.19
0.76,-0.89,-36.35,-203.66,-163.66
0.76,-0.47,-36.35,-179.57,-139.57
0.77,-0.24,-45.55,-255,-230.3
0.77,0.16,-45.55,-252.24,-209.24
0.78,0.48,-45.55,-233.06,-190.06
0.78,0.94,-45.55,-201.88,-158.88
0.79,1.77,-45.55,-158.49,-115.49
0.79,2.2,-45.55,-138.31,-95.31
0.8,2.34,-45.55,-134.63,-91.63
0.8,2.5,-45.55,-125.09,-82.09
0.81,2.67,-53.03,-205.38,-163.38
0.81,2.72,-53.03,-204.89,-162.89
0.82,2.88,-53.03,-200.01,-158.01
0.82,3.13,-53.03,-188.95,-146.95
0.83,3.27,-53.03,-183.06,-141.06
0.83,3.46,-53.03,-173.38,-131.38
0.84,3.59,-53.03,-165.73,-123.73
0.84,3.87,-53.03,-151.97,-109.97
0.85,4.21,-57.07,-184.19,-155.19
0.85,4.5,-57.07,-168.3,-139.3
0.86,4.65,-57.07,-161.13,-132.13
0.86,4.8,-57.07,-153.03,-124.03
0.87,4.98,-57.07,-143.08,-114.08
0.87,5.13,-57.07,-134.12,-105.12
0.88,5.29,-57.07,-126.14,-97.14
0.88,5.47,-57.07,-117.23,-88.23
0.89,5.62,-59.6,-148.44,-123.44
0.89,5.78,-59.6,-140.79,-115.79
0.9,5.88,-59.6,-134.92,-109.92
0.9,5.88,-59.6,-134.64,-109.64
0.91,5.97,-59.6,-129.36,-104.36
0.91,6.09,-59.6,-122.32,-97.32
0.92,6.23,-59.6,-115.39,-90.39
0.92,6.39,-59.6,-107.37,-82.37
0.93,6.67,-59.87,-111.17,-97.17
0.93,7.04,-59.87,-95.82,-81.82
0.94,7.2,-59.87,-87.77,-73.77
0.94,7.22,-59.87,-85.22,-71.22
0.95,7.25,-59.87,-82.61,-68.61
0.95,7.37,-59.87,-77.96,-63.96
0.96,7.25,-59.87,-89.03,-75.03
0.96,7.31,-59.87,-88.34,-74.34
0.97,7.55,-58.71,-69.52,-75.52
0.97,7.73,-58.71,-58.82,-64.82
0.98,7.66,-58.71,-65.54,-71.54
0.98,7.48,-58.71,-80.12,-86.12
0.99,7.36,-58.71,-89.48,-95.48
0.99,7.08,-58.71,-106.41,-112.41
1,6.78,-58.71,-124.11,-130.11
1,6.56,-58.71,-136.98,-142.98
1.01,6.39,-55.8,-143.08,-127.08
1.01,6.25,-55.8,-149.73,-133.73
1.02,6.17,-55.8,-153.66,-137.66
1.02,6.27,-55.8,-142.8,-126.8
1.03,6.47,-55.8,-122.26,-106.26
1.03,6.48,-55.8,-115.2,-99.2
1.04,6.4,-55.8,-115.57,-99.57
1.04,6.46,-55.8,-108.78,-92.78
1.05,6.6,-54.06,-88.59,-84.59
1.05,6.77,-54.06,-76.76,-72.76
1.06,6.95,-54.06,-67.41,-63.41
1.06,7.15,-54.06,-64.01,-60.01
1.07,7.08,-54.06,-71.09,-67.09
1.07,7.2,-54.06,-62.14,-58.14
1.08,7.27,-54.06,-54.02,-50.02
1.08,7.36,-54.06,-46.2,-42.2
1.09,7.92,-51.94,-22.6,-7.6
1.09,8.33,-51.94,-10.24,4.76
1.1,8.27,-51.94,-17.15,-2.15
1.1,8.04,-51.94,-33.85,-18.85
1.11,7.95,-51.94,-43.86,-28.86
1.11,7.74,-51.94,-59.79,-44.79
1.12,7.7,-51.94,-62.12,-47.12
1.12,7.49,-51.94,-73.1,-58.1
1.13,7.46,-45.66,-8.95,-19.95
1.13,7.55,-45.66,-1.96,-12.96
1.14,7.53,-45.66,-4.02,-15.02
1.14,7.42,-45.66,-13.94,-24.94
1.15,7.39,-45.66,-20.31,-31.31
1.15,7.28,-45.66,-28.62,-39.62
1.16,7.27,-45.66,-30.26,-41.26
1.16,7.44,-45.66,-22.8,-33.8
1.17,7.17,-40.06,3.61,2.61
1.17,6.92,-40.06,-6.88,-7.88
1.18,6.89,-40.06,-8.88,-9.88
1.18,6.84,-40.06,-17.36,-18.36
1.19,6.64,-40.06,-34.4,-35.4
1.19,6.39,-40.06,-48.91,-49.91
1.2,6.12,-40.06,-60.09,-61.09
1.2,5.96,-40.06,-66.81,-67.81
1.21,5.86,-32.09,1.9,0.9
1.21,5.71,-32.09,-3.53,-4.53
1.22,5.6,-32.09,-6.27,-7.27
1.22,5.48,-32.09,-12.47,-13.47
1.23,5.15,-32.09,-35.02,-36.02
1.23,4.99,-32.09,-50.35,-51.35
1.24,4.88,-32.09,-57.92,-58.92
1.24,4.73,-32.09,-63.28,-64.28
1.25,4.56,-25.76,-13.27,-13.27
1.25,4.41,-25.76,-18.81,-18.81
1.26,4.31,-25.76,-20.74,-20.74
1.26,4.24,-25.76,-21.28,-21.28
1.27,4.2,-25.76,-19.71,-19.71
1.27,4.17,-25.76,-18.11,-18.11
1.28,4.16,-25.76,-14.32,-14.32
1.28,4.15,-25.76,-13.56,-13.56
1.29,4.17,-22.84,0.99,9.99
1.29,4.13,-22.84,-11.23,-2.23
1.3,4.19,-22.84,-12.68,-3.68
1.3,4.13,-22.84,-14.79,-5.79
1.31,4.06,-22.84,-15.41,-6.41
1.31,3.93,-22.84,-18.99,-9.99
1.32,3.89,-22.84,-20.28,-11.28
1.32,3.92,-22.84,-21.08,-12.08
1.33,3.78,-18.53,15.96,10.96
1.33,3.63,-18.53,8.27,3.27
1.34,3.52,-18.53,3.44,-1.56
1.34,3.5,-18.53,-0.83,-5.83
1.35,3.43,-18.53,-8.37,-13.37
1.35,3.24,-18.53,-18,-23
1.36,3.13,-18.53,-21.21,-26.21
1.36,3.05,-18.53,-22.9,-27.9
1.37,3.01,-13.42,20.81,23.81
1.37,2.96,-13.42,20.81,23.81
1.38,2.9,-13.42,19.36,22.36
1.38,2.89,-13.42,14.88,17.88
1.39,2.77,-13.42,1.72,4.72
1.39,2.65,-13.42,-8.42,-5.42
1.4,2.48,-13.42,-15.13,-12.13
1.4,2.4,-13.42,-14.81,-11.81
1.41,2.38,-8.95,28.21,34.21
1.41,2.37,-8.95,30.23,36.23
1.42,2.45,-8.95,34.59,40.59
1.42,2.47,-8.95,32.1,38.1
1.43,2.31,-8.95,19.16,25.16
1.43,2.18,-8.95,12.27,18.27
1.44,2.16,-8.95,13.36,19.36
1.44,2.19,-8.95,17.2,23.2
1.45,2.23,-5.51,56.01,57.01
1.45,2.21,-5.51,56.7,57.7
1.46,2.15,-5.51,53.51,54.51
1.46,2.09,-5.51,44.71,45.71
1.47,2.03,-5.51,36.55,37.55
1.47,2,-5.51,34.45,35.45
1.48,1.98,-5.51,36.18,37.18
1.48,1.94,-5.51,36.2,37.2
1.49,1.87,-1.91,63.41,71.41
1.49,1.85,-1.91,61.53,69.53
1.5,1.82,-1.91,60.13,68.13
1.5,1.88,-1.91,60.64,68.64
1.51,1.74,-1.91,48.54,56.54
1.51,1.47,-1.91,33.15,41.15
1.52,1.36,-1.91,26.84,34.84
1.52,1.41,-1.91,30.22,38.22
1.53,1.4,2.56,80.52,83.52
1.53,1.32,2.56,78.97,81.97
1.54,1.33,2.56,78.89,81.89
1.54,1.18,2.56,65.78,68.78
1.55,1.03,2.56,51.75,54.75
1.55,0.91,2.56,44.2,47.2
1.56,0.8,2.56,41.84,44.84
1.56,0.78,2.56,42.58,45.58
1.57,0.58,7.04,76.45,82.45
1.57,0.53,7.04,74.2,80.2
1.58,0.51,7.04,74.61,80.61
1.58,0.39,7.04,66.19,72.19
1.59,0.25,7.04,54.28,60.28
1.59,0.1,7.04,44.31,50.31
1.6,-0.19,7.04,30.65,36.65
1.6,-0.48,7.04,18.14,24.14
1.61,-0.72,11.08,51.8,54.8
1.61,-0.83,11.08,48.48,51.48
1.62,-0.8,11.08,54.62,57.62
1.62,-0.85,11.08,52.65,55.65
1.63,-0.93,11.08,46.6,49.6
1.63,-0.91,11.08,47.58,50.58
1.64,-0.96,11.08,47.98,50.98
1.64,-1.02,11.08,46.84,49.84
1.65,-1.03,13.76,78.52,79.52
1.65,-1.01,13.76,80.63,81.63
1.66,-0.97,13.76,83.15,84.15
1.66,-0.94,13.76,80.92,81.92
1.67,-0.99,13.76,74.46,75.46
1.67,-0.99,13.76,73.82,74.82
1.68,-1.04,13.76,72.23,73.23
1.68,-0.94,13.76,74.65,75.65
1.69,-0.91,16.38,102.66,107.66
1.69,-1.06,16.38,96.53,101.53
1.7,-1.08,16.38,95.24,100.24
1.7,-1.05,16.38,92.4,97.4
1.71,-0.98,16.38,90.3,95.3
1.71,-0.92,16.38,89.28,94.28
1.72,-1.14,16.38,77.7,82.7
1.72,-1.21,16.38,75.42,80.42
1.73,-1.41,20.32,110.54,113.54
1.73,-1.4,20.32,110.21,113.21
1.74,-1.61,20.32,97.75,100.75
1.74,-1.86,20.32,81.14,84.14
1.75,-2,20.32,71.1,74.1
1.75,-2.29,20.32,56.66,59.66
1.76,-2.52,20.32,44.95,47.95
1.76,-2.57,20.32,44.49,47.49
1.77,-2.59,24.57,95.27,99.27
1.77,-2.66,24.57,96.61,100.61
1.78,-2.72,24.57,94.58,98.58
1.78,-2.8,24.57,83.98,87.98
1.79,-3.04,24.57,66.7,70.7
1.79,-3.05,24.57,66.21,70.21
1.8,-3.02,24.57,71.91,75.91
1.8,-3.05,24.57,73.4,77.4
1.81,-3.07,27.4,110.83,110.83
1.81,-3.09,27.4,108.58,108.58
1.82,-3.29,27.4,96.85,96.85
1.82,-3.38,27.4,88.41,88.41
1.83,-3.47,27.4,80.79,80.79
1.83,-3.59,27.4,75.2,75.2
1.84,-3.69,27.4,70.82,70.82
1.84,-3.7,27.4,69.45,69.45
1.85,-3.81,29.98,94.07,100.07
1.85,-4,29.98,85.67,91.67
1.86,-4.06,29.98,83.44,89.44
1.86,-4.1,29.98,78.3,84.3
1.87,-4.06,29.98,77.12,83.12
1.87,-4.08,29.98,75.53,81.53
1.88,-4.23,29.98,69.2,75.2
1.88,-4.47,29.98,56.89,62.89
1.89,-4.65,31.94,68.01,84.01
1.89,-4.74,31.94,63.59,79.59
1.9,-4.77,31.94,63.81,79.81
1.9,-4.9,31.94,63.16,79.16
1.91,-4.68,31.94,81.64,97.64
1.91,-4.61,31.94,85.99,101.99
1.92,-4.59,31.94,87.53,103.53
1.92,-4.62,31.94,88.37,104.37
1.93,-4.57,33.01,120.22,113.22
1.93,-4.54,33.01,118.81,111.81
1.94,-4.48,33.01,120.22,113.22
1.94,-4.82,33.01,97.78,90.78
1.95,-5.1,33.01,70.19,63.19
1.95,-5.24,33.01,58.19,51.19
1.96,-5.41,33.01,50.48,43.48
1.96,-5.58,33.01,43.29,36.29
1.97,-5.72,34.95,56.02,68.02
1.97,-5.84,34.95,51.49,63.49
1.98,-5.92,34.95,50.3,62.3
1.98,-5.95,34.95,53.69,65.69
1.99,-5.92,34.95,64.11,76.11
1.99,-5.67,34.95,84.78,96.78
2,-5.63,34.95,91.21,103.21
2,-5.5,34.95,97.92,109.92
2.01,-5.51,34.82,55.62,48.62
2.01,-5.61,34.82,44.61,37.61
2.02,-5.74,34.82,38.07,31.07
2.02,-5.89,34.82,26.08,19.08
2.03,-6.03,34.82,15.19,8.19
2.03,-6.03,34.82,15.65,8.65
2.04,-6,34.82,17.91,10.91
2.04,-6.09,34.82,20.1,13.1
2.05,-6.03,33.82,20.33,48.33
2.05,-5.81,33.82,43.75,71.75
2.06,-5.46,33.82,74.61,102.61
2.06,-5.25,33.82,93.67,121.67
2.07,-4.9,33.82,115.96,143.96
2.07,-4.48,33.82,136.8,164.8
2.08,-4.37,33.82,128.65,156.65
2.08,-4.71,33.82,88.03,116.03
2.09,-5.15,31.78,47.74,38.74
2.09,-5.33,31.78,32.54,23.54
2.1,-5.36,31.78,31.1,22.1
2.1,-5.28,31.78,36.03,27.03
2.11,-5.32,31.78,34.76,25.76
2.11,-5.23,31.78,48.68,39.68
2.12,-4.95,31.78,78.76,69.76
2.12,-4.85,31.78,91.09,82.09
2.13,-4.77,31.54,104.58,96.58
2.13,-4.69,31.54,112.14,104.14
2.14,-4.57,31.54,121.08,113.08
2.14,-4.46,31.54,124.03,116.03
2.15,-4.76,31.54,95.83,87.83
2.15,-4.91,31.54,79.34,71.34
2.16,-5.04,31.54,68.12,60.12
2.16,-5.12,31.54,52.25,44.25
2.17,-5.17,32.13,51.27,60.27
2.17,-5.14,32.13,54.02,63.02
2.18,-5.07,32.13,58.91,67.91
2.18,-5.01,32.13,64.83,73.83
2.19,-4.96,32.13,74.11,83.11
2.19,-4.95,32.13,82.91,91.91
2.2,-5.04,32.13,82.07,91.07
2.2,-5.05,32.13,85.64,94.64
2.21,-4.99,32.39,100.51,112.51
2.21,-4.92,32.39,100.74,112.74
2.22,-4.87,32.39,92.41,104.41
2.22,-4.89,32.39,86.02,98.02
2.23,-4.9,32.39,82.5,94.5
2.23,-5.08,32.39,66.84,78.84
2.24,-5.18,32.39,58.68,70.68
2.24,-5.38,32.39,46.59,58.59
2.25,-5.59,33.62,56.41,65.41
2.25,-5.78,33.62,45.96,54.96
2.26,-5.9,33.62,40.58,49.58
2.26,-5.99,33.62,36.93,45.93
2.27,-6.04,33.62,39.32,48.32
2.27,-5.87,33.62,58,67
2.28,-5.73,33.62,71.78,80.78
2.28,-5.68,33.62,76.61,85.61
2.29,-5.65,33.44,91.37,90.37
2.29,-5.58,33.44,94.32,93.32
2.3,-5.52,33.44,90.78,89.78
2.3,-5.69,33.44,79.43,78.43
2.31,-5.82,33.44,73.01,72.01
2.31,-5.98,33.44,60.14,59.14
2.32,-6.23,33.44,38.13,37.13
2.32,-6.27,33.44,32.36,31.36
2.33,-6.35,33.31,26.26,41.26
2.33,-6.45,33.31,21.51,36.51
2.34,-6.6,33.31,13.72,28.72
2.34,-6.62,33.31,18.31,33.31
2.35,-6.38,33.31,44.4,59.4
2.35,-6.3,33.31,58.64,73.64
2.36,-6.27,33.31,62.09,77.09
2.36,-6.21,33.31,66.29,81.29
2.37,-6.15,31.26,65.39,64.39
2.37,-6.1,31.26,69.32,68.32
2.38,-5.94,31.26,74.01,73.01
2.38,-5.91,31.26,66.18,65.18
2.39,-6.06,31.26,53.37,52.37
2.39,-6.34,31.26,34.69,33.69
2.4,-6.44,31.26,26.89,25.89
2.4,-6.51,31.26,21.95,20.95
2.41,-6.58,29.83,6.91,14.91
2.41,-6.65,29.83,2.84,10.84
2.42,-6.75,29.83,-3.1,4.9
2.42,-6.87,29.83,-5.92,2.08
2.43,-6.73,29.83,14.19,22.19
2.43,-6.55,29.83,40.15,48.15
2.44,-6.52,29.83,49.57,57.57
2.44,-6.33,29.83,62.14,70.14
2.45,-6.21,25.08,31.82,33.82
2.45,-6.02,25.08,42.4,44.4
2.46,-5.82,25.08,53.7,55.7
2.46,-5.71,25.08,54.06,56.06
2.47,-5.64,25.08,40.63,42.63
2.47,-5.46,25.08,37.58,39.58
2.48,-5.48,25.08,33.78,35.78
2.48,-5.51,25.08,34.39,36.39
2.49,-5.58,23.26,15.38,24.38
2.49,-5.67,23.26,11.48,20.48
2.5,-5.68,23.26,13.53,22.53
2.5,-5.53,23.26,26.65,35.65
2.51,-5.35,23.26,44.5,53.5
2.51,-5.32,23.26,49.21,58.21
2.52,-5.25,23.26,54.11,63.11
2.52,-5.17,23.26,59.68,68.68
2.53,-5.1,21.08,49.11,57.11
2.53,-4.9,21.08,59.28,67.28
2.54,-4.68,21.08,57.95,65.95
2.54,-4.69,21.08,45.38,53.38
2.55,-4.89,21.08,32.76,40.76
2.55,-5.13,21.08,18.23,26.23
2.56,-5.3,21.08,7.67,15.67
2.56,-5.44,21.08,-0.02,7.98
2.57,-5.54,19.86,-14.86,-2.86
2.57,-5.64,19.86,-20.74,-8.74
2.58,-5.73,19.86,-25.33,-13.33
2.58,-5.6,19.86,-9.99,2.01
2.59,-5.39,19.86,18.09,30.09
2.59,-5.28,19.86,31.9,43.9
2.6,-5.15,19.86,39.33,51.33
2.6,-5.07,19.86,45.85,57.85
2.61,-4.94,13.6,0.96,-0.04
2.61,-4.76,13.6,12.19,11.19
2.62,-4.62,13.6,18.37,17.37
2.62,-4.46,13.6,14.68,13.68
2.63,-4.36,13.6,9.79,8.79
2.63,-4.4,13.6,8.22,7.22
2.64,-4.43,13.6,7.81,6.81
2.64,-4.46,13.6,7.68,6.68
2.65,-4.48,11.62,-16.92,-2.92
2.65,-4.47,11.62,-14.31,-0.31
2.66,-4.31,11.62,0.1,14.1
2.66,-4.06,11.62,24.14,38.14
2.67,-3.91,11.62,38.31,52.31
2.67,-3.79,11.62,46.58,60.58
2.68,-3.64,11.62,51.44,65.44
2.68,-3.47,11.62,48.02,62.02
2.69,-3.34,9.03,39.88,21.88
2.69,-3.2,9.03,45.74,27.74
2.7,-3.28,9.03,34.53,16.53
2.7,-3.38,9.03,22.21,4.21
2.71,-3.45,9.03,19.02,1.02
2.71,-3.58,9.03,12.42,-5.58
2.72,-3.71,9.03,4.92,-13.08
2.72,-3.8,9.03,0.83,-17.17
2.73,-3.85,8.27,-27.01,-3.01
2.73,-3.88,8.27,-25.85,-1.85
2.74,-3.71,8.27,-9.12,14.88
2.74,-3.53,8.27,12.13,36.13
2.75,-3.45,8.27,20.61,44.61
2.75,-3.32,8.27,27.51,51.51
2.76,-3.22,8.27,25.63,49.63
2.76,-3.21,8.27,19.24,43.24
2.77,-3.27,6.24,11.59,4.59
2.77,-3.28,6.24,11.5,4.5
2.78,-3.29,6.24,9.82,2.82
2.78,-3.32,6.24,7.08,0.08
2.79,-3.34,6.24,7.21,0.21
2.79,-3.36,6.24,6.56,-0.44
2.8,-3.4,6.24,3.94,-3.06
2.8,-3.38,6.24,3.2,-3.8
2.81,-3.39,5.42,-13.11,-3.11
2.81,-3.41,5.42,-12.64,-2.64
2.82,-3.42,5.42,-11.82,-1.82
2.82,-3.41,5.42,-10.58,-0.58
2.83,-3.4,5.42,-10.81,-0.81
2.83,-3.4,5.42,-11.69,-1.69
2.84,-3.39,5.42,-10.76,-0.76
2.84,-3.35,5.42,-5,5
2.85,-3.26,3.79,-6.94,-5.94
2.85,-3.26,3.79,-10.88,-9.88
2.86,-3.3,3.79,-15.99,-14.99
2.86,-3.34,3.79,-18.87,-17.87
2.87,-3.3,3.79,-15.93,-14.93
2.87,-3.27,3.79,-14.19,-13.19
2.88,-3.28,3.79,-15.93,-14.93
2.88,-3.31,3.79,-19.94,-18.94
2.89,-3.32,2.51,-35.97,-28.97
2.89,-3.32,2.51,-35.47,-28.47
2.9,-3.34,2.51,-37.24,-30.24
2.9,-3.35,2.51,-39.04,-32.04
2.91,-3.36,2.51,-39.09,-32.09
2.91,-3.38,2.51,-40.2,-33.2
2.92,-3.42,2.51,-44.43,-37.43
2.92,-3.43,2.51,-41.26,-34.26
2.93,-3.46,1,-56.77,-32.77
2.93,-3.39,1,-53.54,-29.54
2.94,-3.38,1,-53.37,-29.37
2.94,-3.31,1,-49.06,-25.06
2.95,-3.26,1,-45.48,-21.48
2.95,-3.21,1,-43.56,-19.56
2.96,-3.18,1,-44.58,-20.58
2.96,-3.13,1,-42.97,-18.97
2.97,-3.09,-0.95,-48.44,-44.44
2.97,-3.04,-0.95,-41.73,-37.73
2.98,-2.96,-0.95,-37.3,-33.3
2.98,-2.88,-0.95,-33.38,-29.38
2.99,-2.83,-0.95,-30.58,-26.58
2.99,-2.8,-0.95,-29.5,-25.5
3,-2.76,-0.95,-27.05,-23.05
3,-2.72,-0.95,-26.21,-22.21
3.01,-2.7,-2.91,-50.87,-39.87
3.01,-2.71,-2.91,-51.51,-40.51
3.02,-2.65,-2.91,-47,-36
3.02,-2.59,-2.91,-41.9,-30.9
3.03,-2.55,-2.91,-39.98,-28.98
3.03,-2.51,-2.91,-37.72,-26.72
3.04,-2.45,-2.91,-33.29,-22.29
3.04,-2.4,-2.91,-30.89,-19.89
3.05,-2.37,-4.59,-47.73,-38.73
3.05,-2.34,-4.59,-47.62,-38.62
3.06,-2.34,-4.59,-47.83,-38.83
3.06,-2.3,-4.59,-43.52,-34.52
3.07,-2.27,-4.59,-41.4,-32.4
3.07,-2.27,-4.59,-42.29,-33.29
3.08,-2.24,-4.59,-40.34,-31.34
3.08,-2.17,-4.59,-36.24,-27.24
3.09,-2.11,-6.06,-48.62,-39.62
3.09,-2.08,-6.06,-48.39,-39.39
3.1,-2.06,-6.06,-47.41,-38.41
3.1,-2.01,-6.06,-41.55,-32.55
3.11,-1.91,-6.06,-33.43,-24.43
3.11,-1.82,-6.06,-28.81,-19.81
3.12,-1.76,-6.06,-27.67,-18.67
3.12,-1.71,-6.06,-25.72,-16.72
3.13,-1.66,-7.39,-39.09,-30.09
3.13,-1.62,-7.39,-38.25,-29.25
3.14,-1.6,-7.39,-38.38,-29.38
3.14,-1.57,-7.39,-36.04,-27.04
3.15,-1.55,-7.39,-34.73,-25.73
3.15,-1.51,-7.39,-32.56,-23.56
3.16,-1.49,-7.39,-32.36,-23.36
3.16,-1.45,-7.39,-30.95,-21.95
3.17,-1.42,-8.18,-37.47,-29.47
3.17,-1.4,-8.18,-36.01,-28.01
3.18,-1.39,-8.18,-36,-28
3.18,-1.38,-8.18,-37.47,-29.47
3.19,-1.39,-8.18,-37.92,-29.92
3.19,-1.37,-8.18,-35.29,-27.29
3.2,-1.36,-8.18,-34.46,-26.46
3.2,-1.36,-8.18,-35.04,-27.04
3.21,-1.34,-8.57,-40.77,-31.77
3.21,-1.3,-8.57,-37.7,-28.7
3.22,-1.27,-8.57,-35.38,-26.38
3.22,-1.26,-8.57,-34.39,-25.39
3.23,-1.23,-8.57,-33.79,-24.79
3.23,-1.22,-8.57,-33.93,-24.93
3.24,-1.21,-8.57,-34.09,-25.09
3.24,-1.2,-8.57,-32.98,-23.98
3.25,-1.18,-8.85,-34.68,-28.68
3.25,-1.15,-8.85,-32.88,-26.88
3.26,-1.14,-8.85,-32.6,-26.6
3.26,-1.12,-8.85,-31.12,-25.12
3.27,-1.11,-8.85,-30.02,-24.02
3.27,-1.1,-8.85,-30.18,-24.18
3.28,-1.11,-8.85,-30.8,-24.8
3.28,-1.09,-8.85,-30.88,-24.88
3.29,-1.07,-9.05,-33.91,-27.91
3.29,-1.07,-9.05,-34.17,-28.17
3.3,-1.07,-9.05,-34.22,-28.22
3.3,-1.08,-9.05,-34.35,-28.35
3.31,-1.06,-9.05,-32.4,-26.4
3.31,-1.03,-9.05,-30.81,-24.81
3.32,-1.02,-9.05,-30.62,-24.62
3.32,-0.99,-9.05,-29.11,-23.11
3.33,-0.97,-9.03,-29.87,-23.87
3.33,-0.94,-9.03,-26.48,-20.48
3.34,-0.94,-9.03,-26.89,-20.89
3.34,-0.94,-9.03,-27.84,-21.84
3.35,-0.9,-9.03,-25.98,-19.98
3.35,-0.89,-9.03,-25.8,-19.8
3.36,-0.88,-9.03,-26.14,-20.14
3.36,-0.87,-9.03,-25.81,-19.81
3.37,-0.85,-8.72,-23.53,-17.53
3.37,-0.84,-8.72,-23.57,-17.57
3.38,-0.85,-8.72,-25.27,-19.27
3.38,-0.86,-8.72,-25.13,-19.13
3.39,-0.85,-8.72,-24.51,-18.51
3.39,-0.84,-8.72,-24.6,-18.6
3.4,-0.87,-8.72,-25.87,-19.87
3.4,-0.89,-8.72,-26.87,-20.87
3.41,-0.89,-8.36,-25.58,-19.58
3.41,-0.89,-8.36,-26.35,-20.35
3.42,-0.93,-8.36,-29.5,-23.5
3.42,-0.93,-8.36,-28.79,-22.79
3.43,-0.92,-8.36,-26.23,-20.23
3.43,-0.92,-8.36,-25.28,-19.28
3.44,-0.92,-8.36,-26.04,-20.04
3.44,-0.92,-8.36,-27.52,-21.52
3.45,-0.92,-7.8,-23.9,-16.9
3.45,-0.91,-7.8,-22.56,-15.56
3.46,-0.91,-7.8,-21.64,-14.64
3.46,-0.91,-7.8,-22.01,-15.01
3.47,-0.91,-7.8,-23.19,-16.19
3.47,-0.9,-7.8,-22.55,-15.55
3.48,-0.9,-7.8,-21.86,-14.86
3.48,-0.9,-7.8,-22.38,-15.38
3.49,-0.9,-7.41,-19.18,-14.18
3.49,-0.89,-7.41,-18.92,-13.92
3.5,-0.91,-7.41,-21.61,-16.61
3.5,-0.93,-7.41,-23.6,-18.6
3.51,-0.94,-7.41,-23.53,-18.53
3.51,-0.93,-7.41,-21.2,-16.2
3.52,-0.93,-7.41,-20.74,-15.74
3.52,-0.93,-7.41,-21.37,-16.37
3.53,-0.93,-6.84,-17.96,-12.96
3.53,-0.93,-6.84,-18.2,-13.2
3.54,-0.93,-6.84,-18.43,-13.43
3.54,-0.95,-6.84,-18.86,-13.86
3.55,-0.96,-6.84,-19.42,-14.42
3.55,-0.94,-6.84,-18.32,-13.32
3.56,-0.92,-6.84,-17.02,-12.02
3.56,-0.92,-6.84,-17.17,-12.17
3.57,-0.93,-6.14,-12.29,-9.29
3.57,-0.94,-6.14,-13.78,-10.78
3.58,-0.96,-6.14,-14.48,-11.48
3.58,-0.97,-6.14,-13.92,-10.92
3.59,-0.96,-6.14,-12.7,-9.7
3.59,-0.97,-6.14,-13.92,-10.92
3.6,-0.98,-6.14,-15.63,-12.63
3.6,-0.99,-6.14,-16.5,-13.5
3.61,-1,-5.19,-10.47,-4.47
3.61,-1.01,-5.19,-10.62,-4.62
3.62,-1.02,-5.19,-10.79,-4.79
3.62,-1.04,-5.19,-13.58,-7.58
3.63,-1.08,-5.19,-17.05,-11.05
3.63,-1.1,-5.19,-19.28,-13.28
3.64,-1.12,-5.19,-19.98,-13.98
3.64,-1.14,-5.19,-21.32,-15.32
3.65,-1.16,-4.24,-11.77,-9.77
3.65,-1.18,-4.24,-12.19,-10.19
3.66,-1.21,-4.24,-12.99,-10.99
3.66,-1.25,-4.24,-13.93,-11.93
3.67,-1.27,-4.24,-15.01,-13.01
3.67,-1.28,-4.24,-15.66,-13.66
3.68,-1.29,-4.24,-16.59,-14.59
3.68,-1.32,-4.24,-17.14,-15.14
3.69,-1.34,-3.12,-10.44,-2.44
3.69,-1.36,-3.12,-10.46,-2.46
3.7,-1.36,-3.12,-10.19,-2.19
3.7,-1.36,-3.12,-10.63,-2.63
3.71,-1.36,-3.12,-11.31,-3.31
3.71,-1.37,-3.12,-12.01,-4.01
3.72,-1.37,-3.12,-11.4,-3.4
3.72,-1.36,-3.12,-11.02,-3.02
3.73,-1.35,-2.63,-7.02,0.98
3.73,-1.36,-2.63,-8,-0
3.74,-1.37,-2.63,-8.54,-0.54
3.74,-1.38,-2.63,-8.68,-0.68
3.75,-1.38,-2.63,-8.5,-0.5
3.75,-1.39,-2.63,-8.33,-0.33
3.76,-1.38,-2.63,-8.1,-0.1
3.76,-1.38,-2.63,-7.59,0.41
3.77,-1.38,-1.84,0.43,7.43
3.77,-1.38,-1.84,0.63,7.63
3.78,-1.38,-1.84,1.3,8.3
3.78,-1.37,-1.84,2.03,9.03
3.79,-1.36,-1.84,2.98,9.98
3.79,-1.34,-1.84,4.04,11.04
3.8,-1.33,-1.84,4.99,11.99
3.8,-1.31,-1.84,6.04,13.04
3.81,-1.3,-1.14,14.74,20.74
3.81,-1.28,-1.14,15.53,21.53
3.82,-1.27,-1.14,16.92,22.92
3.82,-1.24,-1.14,18.35,24.35
3.83,-1.22,-1.14,19.99,25.99
3.83,-1.19,-1.14,21.83,27.83
3.84,-1.17,-1.14,23.5,29.5
3.84,-1.14,-1.14,25.65,31.65
3.85,-1.11,-0.2,36.25,43.25
3.85,-1.08,-0.2,36.87,43.87
3.86,-1.02,-0.2,28.94,35.94
3.86,-0.94,-0.2,27.43,34.43
3.87,-0.98,-0.2,26.79,33.79
3.87,-1.2,-0.2,13.25,20.25
3.88,-1.4,-0.2,-0.32,6.68
3.88,-1.49,-0.2,-4.3,2.7
3.89,-1.58,1.21,4.3,11.3
3.89,-1.69,1.21,-1.13,5.87
3.9,-1.78,1.21,-3.08,3.92
3.9,-1.82,1.21,-2.72,4.28
3.91,-1.84,1.21,-1.76,5.24
3.91,-1.86,1.21,-1.38,5.62
3.92,-1.85,1.21,1.34,8.34
3.92,-1.86,1.21,2.8,9.8
3.93,-1.83,1.15,10.26,12.26
3.93,-1.79,1.15,15,17
3.94,-1.76,1.15,16.61,18.61
3.94,-1.75,1.15,15.92,17.92
3.95,-1.72,1.15,16.83,18.83
3.95,-1.67,1.15,19.61,21.61
3.96,-1.64,1.15,21.21,23.21
3.96,-1.62,1.15,21.51,23.51
3.97,-1.6,1.4,25.9,25.9
3.97,-1.57,1.4,27.24,27.24
3.98,-1.55,1.4,28.16,28.16
3.98,-1.54,1.4,28.25,28.25
3.99,-1.53,1.4,28.18,28.18
3.99,-1.53,1.4,28,28
4,-1.61,1.4,20.4,20.4
4,-1.79,1.4,1.15,1.15
4.01,-1.82,2.18,-0.8,13.2
4.01,-1.91,2.18,-3.64,10.36
4.02,-1.97,2.18,-4.9,9.1
4.02,-2.01,2.18,-6.47,7.53
4.03,-2.05,2.18,-8.01,5.99
4.03,-2.08,2.18,-7.07,6.93
4.04,-2.08,2.18,-4.64,9.36
4.04,-2.05,2.18,-0.37,13.63
4.05,-1.99,1.68,6.25,8.25
4.05,-1.95,1.68,10.39,12.39
4.06,-1.94,1.68,11.61,13.61
4.06,-1.94,1.68,11.37,13.37
4.07,-1.92,1.68,12.66,14.66
4.07,-1.87,1.68,15.65,17.65
4.08,-1.83,1.68,17.23,19.23
4.08,-1.81,1.68,17.63,19.63
4.09,-1.8,1.32,14.87,16.87
4.09,-1.77,1.32,16.51,18.51
4.1,-1.75,1.32,17.92,19.92
4.1,-1.73,1.32,18.56,20.56
4.11,-1.71,1.32,19.68,21.68
4.11,-1.69,1.32,20.91,22.91
4.12,-1.67,1.32,22.19,24.19
4.12,-1.64,1.32,22.44,24.44
4.13,-1.63,1.83,28.88,28.88
4.13,-1.69,1.83,20.43,20.43
4.14,-1.8,1.83,7.91,7.91
4.14,-1.84,1.83,5.95,5.95
4.15,-1.91,1.83,4.41,4.41
4.15,-1.96,1.83,3.25,3.25
4.16,-1.98,1.83,2.75,2.75
4.16,-2,1.83,4.13,4.13
4.17,-2,2.18,5.01,16.01
4.17,-1.99,2.18,7.44,18.44
4.18,-1.96,2.18,10.14,21.14
4.18,-1.92,2.18,12.01,23.01
4.19,-1.89,2.18,14.41,25.41
4.19,-1.87,2.18,14.99,25.99
4.2,-1.87,2.18,13.3,24.3
4.2,-1.87,2.18,12.01,23.01
4.21,-1.83,2.13,18.4,17.4
4.21,-1.95,2.13,7.62,6.62
4.22,-2.03,2.13,2.1,1.1
4.22,-2.07,2.13,2.11,1.11
4.23,-2.08,2.13,2.91,1.91
4.23,-2.1,2.13,3.64,2.64
4.24,-2.1,2.13,5.44,4.44
4.24,-2.09,2.13,8.86,7.86
4.25,-2.06,2.09,8.1,14.1
4.25,-2.06,2.09,7.82,13.82
4.26,-2.06,2.09,6.41,12.41
4.26,-2.04,2.09,7.34,13.34
4.27,-2.01,2.09,9.95,15.95
4.27,-2,2.09,10.2,16.2
4.28,-2.01,2.09,8.76,14.76
4.28,-2,2.09,9.22,15.22
4.29,-1.98,1.46,4.84,10.84
4.29,-1.97,1.46,5.08,11.08
4.3,-1.98,1.46,4.31,10.31
4.3,-1.98,1.46,4.63,10.63
4.31,-1.96,1.46,5.27,11.27
4.31,-1.96,1.46,4.91,10.91
4.32,-1.96,1.46,4.52,10.52
4.32,-1.97,1.46,4.48,10.48
4.33,-1.97,1.02,-0.06,6.94
4.33,-1.97,1.02,-0.41,6.59
4.34,-1.97,1.02,-0.88,6.12
4.34,-1.98,1.02,-1.03,5.97
4.35,-1.98,1.02,-1.05,5.95
4.35,-1.98,1.02,-1.52,5.48
4.36,-1.99,1.02,-1.98,5.02
4.36,-1.99,1.02,-2.48,4.52
4.37,-2,0.72,-6.26,0.74
4.37,-2.01,0.72,-6.88,0.12
4.38,-2.02,0.72,-7.5,-0.5
4.38,-2.03,0.72,-7.7,-0.7
4.39,-2.05,0.72,-8.61,-1.61
4.39,-2.06,0.72,-9.47,-2.47
4.4,-2.07,0.72,-10.25,-3.25
4.4,-2.08,0.72,-10.93,-3.93
4.41,-2.09,0.2,-16.95,-9.95
4.41,-2.11,0.2,-18.03,-11.03
4.42,-2.12,0.2,-19.07,-12.07
4.42,-2.14,0.2,-20.01,-13.01
4.43,-2.16,0.2,-21.15,-14.15
4.43,-2.17,0.2,-22.03,-15.03
4.44,-2.19,0.2,-23.52,-16.52
4.44,-2.21,0.2,-24.54,-17.54
4.45,-2.23,-0.16,-29.48,-22.48
4.45,-2.25,-0.16,-30.87,-23.87
4.46,-2.27,-0.16,-31.9,-24.9
4.46,-2.28,-0.16,-32.68,-25.68
4.47,-2.31,-0.16,-34.05,-27.05
4.47,-2.26,-0.16,-27.42,-20.42
4.48,-2.2,-0.16,-18.27,-11.27
4.48,-2.19,-0.16,-13.42,-6.42
4.49,-2.17,-1.16,-22.42,-13.42
4.49,-2.17,-1.16,-25.12,-16.12
4.5,-2.12,-1.16,-23.52,-14.52
4.5,-1.99,-1.16,-14.17,-5.17
4.51,-1.91,-1.16,-8.05,0.95
4.51,-1.87,-1.16,-8.18,0.82
4.52,-1.85,-1.16,-9.04,-0.04
4.52,-1.8,-1.16,-6.48,2.52
4.53,-1.73,-1.56,-5.01,1.99
4.53,-1.72,-1.56,-5.53,1.47
4.54,-1.71,-1.56,-7.76,-0.76
4.54,-1.7,-1.56,-9.72,-2.72
4.55,-1.63,-1.56,-10.81,-3.81
4.55,-1.67,-1.56,-14.47,-7.47
4.56,-1.77,-1.56,-19.43,-12.43
4.56,-1.84,-1.56,-23.26,-16.26
4.57,-1.85,-1.39,-20.83,-12.83
4.57,-1.83,-1.39,-18.27,-10.27
4.58,-1.84,-1.39,-18.06,-10.06
4.58,-1.85,-1.39,-20.16,-12.16
4.59,-1.85,-1.39,-20.03,-12.03
4.59,-1.84,-1.39,-18.69,-10.69
4.6,-1.85,-1.39,-19.5,-11.5
4.6,-1.86,-1.39,-20.46,-12.46
4.61,-1.86,-1.13,-14.77,-12.77
4.61,-1.86,-1.13,-14.25,-12.25
4.62,-1.86,-1.13,-14.46,-12.46
4.62,-1.87,-1.13,-15.54,-13.54
4.63,-1.88,-1.13,-16.04,-14.04
4.63,-1.89,-1.13,-16.52,-14.52
4.64,-1.91,-1.13,-17.58,-15.58
4.64,-1.92,-1.13,-18.11,-16.11
4.65,-1.93,-1.54,-24.25,-20.25
4.65,-1.93,-1.54,-23.62,-19.62
4.66,-1.93,-1.54,-22.73,-18.73
4.66,-1.96,-1.54,-20.2,-16.2
4.67,-1.95,-1.54,-17.29,-13.29
4.67,-1.9,-1.54,-14.28,-10.28
4.68,-1.84,-1.54,-10.17,-6.17
4.68,-1.8,-1.54,-9.08,-5.08
4.69,-1.78,-1.83,-16.34,-4.34
4.69,-1.74,-1.83,-15.21,-3.21
4.7,-1.69,-1.83,-11.6,0.4
4.7,-1.64,-1.83,-8.24,3.76
4.71,-1.61,-1.83,-6.88,5.12
4.71,-1.58,-1.83,-5.95,6.05
4.72,-1.54,-1.83,-4.56,7.44
4.72,-1.52,-1.83,-3.4,8.6
4.73,-1.5,-1.28,3.79,11.79
4.73,-1.49,-1.28,3.16,11.16
4.74,-1.49,-1.28,2.23,10.23
4.74,-1.49,-1.28,1.26,9.26
4.75,-1.48,-1.28,1.46,9.46
4.75,-1.46,-1.28,2.19,10.19
4.76,-1.48,-1.28,0.89,8.89
4.76,-1.49,-1.28,-1.61,6.39
4.77,-1.5,-0.75,6.18,8.18
4.77,-1.52,-0.75,6.91,8.91
4.78,-1.53,-0.75,7.29,9.29
4.78,-1.53,-0.75,6.49,8.49
4.79,-1.52,-0.75,7.2,9.2
4.79,-1.52,-0.75,8.33,10.33
4.8,-1.53,-0.75,8.15,10.15
4.8,-1.53,-0.75,8.28,10.28
4.81,-1.5,-0.52,9.51,16.51
4.81,-1.49,-0.52,10.53,17.53
4.82,-1.48,-0.52,10.88,17.88
4.82,-1.48,-0.52,10.88,17.88
4.83,-1.46,-0.52,11.74,18.74
4.83,-1.44,-0.52,12.79,19.79
4.84,-1.43,-0.52,13,20
4.84,-1.43,-0.52,13.03,20.03
4.85,-1.42,-0.22,18.23,22.23
4.85,-1.4,-0.22,18.71,22.71
4.86,-1.4,-0.22,18.84,22.84
4.86,-1.4,-0.22,18.29,22.29
4.87,-1.39,-0.22,18.39,22.39
4.87,-1.38,-0.22,18.92,22.92
4.88,-1.38,-0.22,18.65,22.65
4.88,-1.38,-0.22,17.74,21.74
4.89,-1.39,0.6,27.64,27.64
4.89,-1.46,0.6,23.2,23.2
4.9,-1.43,0.6,24.43,24.43
4.9,-1.43,0.6,22.25,22.25
4.91,-1.5,0.6,14.02,14.02
4.91,-1.63,0.6,4.88,4.88
4.92,-1.69,0.6,3.42,3.42
4.92,-1.75,0.6,0.78,0.78
4.93,-1.8,1.47,0.91,11.91
4.93,-1.86,1.47,-1.51,9.49
4.94,-1.9,1.47,-1.26,9.74
4.94,-1.92,1.47,-0.96,10.04
4.95,-1.93,1.47,-1.27,9.73
4.95,-1.93,1.47,-1.17,9.83
4.96,-1.94,1.47,-0.84,10.16
4.96,-1.95,1.47,0.56,11.56
4.97,-1.93,1.33,3.12,11.12
4.97,-1.91,1.33,5.51,13.51
4.98,-1.87,1.33,9.14,17.14
4.98,-1.85,1.33,11.2,19.2
4.99,-1.84,1.33,10.91,18.91
4.99,-1.82,1.33,10.71,18.71
5,-1.79,1.33,12.32,20.32
5,-1.77,1.33,14.27,22.27
5.01,-1.77,1.08,13.75,16.75
5.01,-1.76,1.08,12.85,15.85
5.02,-1.74,1.08,13.22,16.22
5.02,-1.73,1.08,14.13,17.13
5.03,-1.74,1.08,13.84,16.84
5.03,-1.75,1.08,12.86,15.86
5.04,-1.74,1.08,13.26,16.26
5.04,-1.73,1.08,13.6,16.6
5.05,-1.74,1.21,15.8,16.8
5.05,-1.74,1.21,15.22,16.22
5.06,-1.74,1.21,14.76,15.76
5.06,-1.74,1.21,14.64,15.64
5.07,-1.76,1.21,14.42,15.42
5.07,-1.86,1.21,8.39,9.39
5.08,-1.95,1.21,0.24,1.24
5.08,-1.96,1.21,-0.66,0.34
5.09,-1.98,1.44,-3.68,9.32
5.09,-1.99,1.44,-2.54,10.46
5.1,-1.98,1.44,-1.53,11.47
5.1,-1.96,1.44,-0.14,12.86
5.11,-1.94,1.44,1.58,14.58
5.11,-1.93,1.44,3,16
5.12,-1.9,1.44,4.67,17.67
5.12,-1.9,1.44,4.29,17.29
5.13,-1.9,1.01,3.51,6.51
5.13,-1.9,1.01,3.13,6.13
5.14,-1.9,1.01,3.78,6.78
5.14,-1.92,1.01,3.57,6.57
5.15,-1.93,1.01,3.03,6.03
5.15,-1.93,1.01,2.64,5.64
5.16,-1.93,1.01,3.39,6.39
5.16,-1.93,1.01,3.83,6.83
5.17,-1.93,0.86,-0.14,7.86
5.17,-1.92,0.86,-0.28,7.72
5.18,-1.91,0.86,0.31,8.31
5.18,-1.91,0.86,0.29,8.29
5.19,-1.92,0.86,-0.28,7.72
5.19,-1.92,0.86,-0.3,7.7
5.2,-1.92,0.86,-0.3,7.7
5.2,-1.92,0.86,-0.93,7.07
5.21,-1.92,0.6,-2.98,4.02
5.21,-1.93,0.6,-3.63,3.37
5.22,-1.93,0.6,-3.68,3.32
5.22,-1.94,0.6,-4.22,2.78
5.23,-1.95,0.6,-4.71,2.29
5.23,-1.96,0.6,-5.45,1.55
5.24,-1.96,0.6,-5.88,1.12
5.24,-1.97,0.6,-6.47,0.53
5.25,-1.98,0.27,-10.38,-3.38
5.25,-2,0.27,-11.34,-4.34
5.26,-2.01,0.27,-11.75,-4.75
5.26,-2.02,0.27,-12.41,-5.41
5.27,-2.03,0.27,-13.07,-6.07
5.27,-2.04,0.27,-13.8,-6.8
5.28,-2.05,0.27,-14.63,-7.63
5.28,-2.06,0.27,-15.19,-8.19
5.29,-2.08,0.04,-19.27,-11.27
5.29,-2.09,0.04,-20.06,-12.06
5.3,-2.11,0.04,-20.72,-12.72
5.3,-2.12,0.04,-21.71,-13.71
5.31,-2.14,0.04,-22.73,-14.73
5.31,-2.15,0.04,-22.93,-14.93
5.32,-2.18,0.04,-23.26,-15.26
5.32,-2.1,0.04,-15.77,-7.77
5.33,-2.05,-0.42,-13.25,-12.25
5.33,-2.06,-0.42,-16.2,-15.2
5.34,-2.09,-0.42,-20,-19
5.34,-2.09,-0.42,-19.29,-18.29
5.35,-2.09,-0.42,-19.41,-18.41
5.35,-2.12,-0.42,-21.66,-20.66
5.36,-2.14,-0.42,-23.65,-22.65
5.36,-2.14,-0.42,-23,-22
5.37,-2.15,-0.9,-29.71,-26.71
5.37,-2.18,-0.9,-31.96,-28.96
5.38,-2.18,-0.9,-31.76,-28.76
5.38,-2.19,-0.9,-30.78,-27.78
5.39,-2.25,-0.9,-26.41,-23.41
5.39,-2.24,-0.9,-20.41,-17.41
5.4,-2.2,-0.9,-18.89,-15.89
5.4,-2.11,-0.9,-12.86,-9.86
5.41,-2.02,-1.68,-21.54,-7.54
5.41,-1.94,-1.68,-18.57,-4.57
5.42,-1.88,-1.68,-16.21,-2.21
5.42,-1.79,-1.68,-10.92,3.08
5.43,-1.72,-1.68,-6.37,7.63
5.43,-1.68,-1.68,-5.7,8.3
5.44,-1.64,-1.68,-5.83,8.17
5.44,-1.59,-1.68,-3.69,10.31
5.45,-1.51,-1.92,-2.4,1.6
5.45,-1.47,-1.92,-4.32,-0.32
5.46,-1.5,-1.92,-5.82,-1.82
5.46,-1.54,-1.92,-7.2,-3.2
5.47,-1.56,-1.92,-7.87,-3.87
5.47,-1.57,-1.92,-8.75,-4.75
5.48,-1.59,-1.92,-9.7,-5.7
5.48,-1.61,-1.92,-11.9,-7.9
5.49,-1.63,-1.5,-9.97,-3.97
5.49,-1.65,-1.5,-11.09,-5.09
5.5,-1.67,-1.5,-11.61,-5.61
5.5,-1.68,-1.5,-12.05,-6.05
5.51,-1.69,-1.5,-13.16,-7.16
5.51,-1.71,-1.5,-13.7,-7.7
5.52,-1.72,-1.5,-14.25,-8.25
5.52,-1.73,-1.5,-14.77,-8.77
5.53,-1.74,-1.05,-11.02,-4.02
5.53,-1.75,-1.05,-11.27,-4.27
5.54,-1.75,-1.05,-11.41,-4.41
5.54,-1.77,-1.05,-12.54,-5.54
5.55,-1.78,-1.05,-13.35,-6.35
5.55,-1.78,-1.05,-12.62,-5.62
5.56,-1.78,-1.05,-13.02,-6.02
5.56,-1.79,-1.05,-13.35,-6.35
5.57,-1.79,-0.73,-10.44,-3.44
5.57,-1.8,-0.73,-10.35,-3.35
5.58,-1.8,-0.73,-10.25,-3.25
5.58,-1.8,-0.73,-10.41,-3.41
5.59,-1.8,-0.73,-10.3,-3.3
5.59,-1.8,-0.73,-10.12,-3.12
5.6,-1.8,-0.73,-9.73,-2.73
5.6,-1.8,-0.73,-9.9,-2.9
5.61,-1.79,-0.51,-7.46,-0.46
5.61,-1.79,-0.51,-7,0
5.62,-1.78,-0.51,-6.69,0.31
5.62,-1.78,-0.51,-6.54,0.46
5.63,-1.78,-0.51,-6.03,0.97
5.63,-1.77,-0.51,-5.8,1.2
5.64,-1.77,-0.51,-5.43,1.57
5.64,-1.76,-0.51,-4.84,2.16
5.65,-1.75,-0.36,-2.68,4.32
5.65,-1.74,-0.36,-2.12,4.88
5.66,-1.73,-0.36,-1.37,5.63
5.66,-1.72,-0.36,-0.55,6.45
5.67,-1.71,-0.36,0.18,7.18
5.67,-1.7,-0.36,0.56,7.56
5.68,-1.69,-0.36,1.02,8.02
5.68,-1.67,-0.36,2.23,9.23
5.69,-1.66,-0.25,3.9,10.9
5.69,-1.65,-0.25,4.85,11.85
5.7,-1.63,-0.25,5.71,12.71
5.7,-1.61,-0.25,6.69,13.69
5.71,-1.6,-0.25,7.94,14.94
5.71,-1.58,-0.25,8.52,15.52
5.72,-1.55,-0.25,8.8,15.8
5.72,-1.54,-0.25,9.4,16.4
5.73,-1.55,-0.03,13.43,18.43
5.73,-1.54,-0.03,13.99,18.99
5.74,-1.52,-0.03,14.99,19.99
5.74,-1.5,-0.03,16.25,21.25
5.75,-1.49,-0.03,17.27,22.27
5.75,-1.48,-0.03,17.75,22.75
5.76,-1.46,-0.03,18.64,23.64
5.76,-1.43,-0.03,19.74,24.74
5.77,-1.41,0.28,24.61,27.61
5.77,-1.4,0.28,24.45,27.45
5.78,-1.39,0.28,24.49,27.49
5.78,-1.43,0.28,20.44,23.44
5.79,-1.45,0.28,18.15,21.15
5.79,-1.47,0.28,15.08,18.08
5.8,-1.59,0.28,4.06,7.06
5.8,-1.7,0.28,-3.54,-0.54
5.81,-1.77,0.95,-3.36,7.64
5.81,-1.81,0.95,-4.38,6.62
5.82,-1.85,0.95,-4.39,6.61
5.82,-1.88,0.95,-5.11,5.89
5.83,-1.9,0.95,-6.01,4.99
5.83,-1.92,0.95,-6.61,4.39
5.84,-1.93,0.95,-5.25,5.75
5.84,-1.92,0.95,-2.56,8.44
5.85,-1.88,0.66,2.94,7.94
5.85,-1.82,0.66,7.34,12.34
5.86,-1.81,0.66,7.27,12.27
5.86,-1.81,0.66,6.23,11.23
5.87,-1.8,0.66,7.03,12.03
5.87,-1.76,0.66,9.29,14.29
5.88,-1.74,0.66,10.65,15.65
5.88,-1.73,0.66,10.76,15.76
5.89,-1.72,0.61,10.74,14.74
5.89,-1.7,0.61,12,16
5.9,-1.68,0.61,12.68,16.68
5.9,-1.67,0.61,12.35,16.35
5.91,-1.67,0.61,12,16
5.91,-1.67,0.61,12.3,16.3
5.92,-1.66,0.61,12.96,16.96
5.92,-1.66,0.61,13.01,17.01
5.93,-1.66,0.88,16.68,19.68
5.93,-1.65,0.88,17.47,20.47
5.94,-1.64,0.88,18.28,21.28
5.94,-1.63,0.88,18.69,21.69
5.95,-1.62,0.88,18.87,21.87
5.95,-1.6,0.88,18.51,21.51
5.96,-1.62,0.88,16.66,19.66
5.96,-1.61,0.88,16.98,19.98
5.97,-1.68,1.37,16.48,19.48
5.97,-1.79,1.37,6.55,9.55
5.98,-1.81,1.37,5.05,8.05
5.98,-1.85,1.37,4.05,7.05
5.99,-1.88,1.37,2.79,5.79
5.99,-1.91,1.37,2.12,5.12
6,-1.94,1.37,2.21,5.21
6,-1.94,1.37,3.26,6.26
6.01,-1.94,1.56,3.33,13.33
6.01,-1.93,1.56,5.58,15.58
6.02,-1.91,1.56,7.27,17.27
6.02,-1.88,1.56,8.54,18.54
6.03,-1.87,1.56,9.07,19.07
6.03,-1.88,1.56,7.68,17.68
6.04,-1.88,1.56,7.23,17.23
6.04,-1.93,1.56,3.48,13.48
6.05,-1.96,1.24,-2.16,6.84
6.05,-1.94,1.24,-0.48,8.52
6.06,-1.94,1.24,0.81,9.81
6.06,-1.93,1.24,2.45,11.45
6.07,-1.92,1.24,3.39,12.39
6.07,-1.93,1.24,1.8,10.8
6.08,-1.94,1.24,0.93,9.93
6.08,-1.94,1.24,1.22,10.22
6.09,-1.94,0.87,-0.76,6.24
6.09,-1.94,0.87,-1.93,5.07
6.1,-1.95,0.87,-2.73,4.27
6.1,-1.95,0.87,-2.19,4.81
6.11,-1.96,0.87,-2.44,4.56
6.11,-1.97,0.87,-3.53,3.47
6.12,-1.98,0.87,-4.48,2.52
6.12,-1.99,0.87,-5.15,1.85
6.13,-2.01,0.61,-8.38,-1.38
6.13,-2.02,0.61,-9.48,-2.48
6.14,-2.03,0.61,-10.13,-3.13
6.14,-2.04,0.61,-10.38,-3.38
6.15,-2.06,0.61,-11.16,-4.16
6.15,-2.07,0.61,-11.76,-4.76
6.16,-2.08,0.61,-12.48,-5.48
6.16,-2.09,0.61,-13.29,-6.29
6.17,-2.11,0.43,-16.82,-7.82
6.17,-2.12,0.43,-17.73,-8.73
6.18,-2.13,0.43,-18.07,-9.07
6.18,-2.14,0.43,-18.91,-9.91
6.19,-2.16,0.43,-20.13,-11.13
6.19,-2.17,0.43,-21.27,-12.27
6.2,-2.18,0.43,-22.29,-13.29
6.2,-2.2,0.43,-23.64,-14.64
6.21,-2.23,-0.3,-32.25,-25.25
6.21,-2.24,-0.3,-32.94,-25.94
6.22,-2.19,-0.3,-27.53,-20.53
6.22,-2.13,-0.3,-21.72,-14.72
6.23,-2.15,-0.3,-22.25,-15.25
6.23,-2.18,-0.3,-26.15,-19.15
6.24,-2.19,-0.3,-27.41,-20.41
6.24,-2.19,-0.3,-25.81,-18.81
6.25,-2.18,-1.11,-30.21,-30.21
6.25,-2.21,-1.11,-32.08,-32.08
6.26,-2.27,-1.11,-29.96,-29.96
6.26,-2.25,-1.11,-23.56,-23.56
6.27,-2.19,-1.11,-19.45,-19.45
6.27,-2.12,-1.11,-14.56,-14.56
6.28,-2.03,-1.11,-10.62,-10.62
6.28,-1.97,-1.11,-7.73,-7.73
6.29,-1.91,-1.98,-21.57,-8.57
6.29,-1.86,-1.98,-19.85,-6.85
6.3,-1.79,-1.98,-16.34,-3.34
6.3,-1.74,-1.98,-13.07,-0.07
6.31,-1.7,-1.98,-11.5,1.5
6.31,-1.66,-1.98,-9.88,3.12
6.32,-1.61,-1.98,-6.94,6.06
6.32,-1.56,-1.98,-4.53,8.47
6.33,-1.53,-1.98,-3.43,6.57
6.33,-1.49,-1.98,-5.82,4.18
6.34,-1.48,-1.98,-11.21,-1.21
6.34,-1.56,-1.98,-15.49,-5.49
6.35,-1.62,-1.98,-17.19,-7.19
6.35,-1.67,-1.98,-19.06,-9.06
6.36,-1.68,-1.98,-18.41,-8.41
6.36,-1.68,-1.98,-17.67,-7.67
6.37,-1.69,-1.69,-13.17,-7.17
6.37,-1.69,-1.69,-13.32,-7.32
6.38,-1.69,-1.69,-14.05,-8.05
6.38,-1.71,-1.69,-16.31,-10.31
6.39,-1.73,-1.69,-17.17,-11.17
6.39,-1.74,-1.69,-16.76,-10.76
6.4,-1.74,-1.69,-16.39,-10.39
6.4,-1.75,-1.69,-17.24,-11.24
6.41,-1.76,-1.18,-13.34,-7.34
6.41,-1.76,-1.18,-13.12,-7.12
6.42,-1.78,-1.18,-13.44,-7.44
6.42,-1.8,-1.18,-15.27,-9.27
6.43,-1.81,-1.18,-15.61,-9.61
6.43,-1.8,-1.18,-14.85,-8.85
6.44,-1.8,-1.18,-14.6,-8.6
6.44,-1.8,-1.18,-14.49,-8.49
6.45,-1.81,-0.98,-13.04,-7.04
6.45,-1.81,-0.98,-13,-7
6.46,-1.81,-0.98,-12.81,-6.81
6.46,-1.81,-0.98,-12.65,-6.65
6.47,-1.8,-0.98,-11.8,-5.8
6.47,-1.8,-0.98,-11.53,-5.53
6.48,-1.8,-0.98,-11.88,-5.88
6.48,-1.79,-0.98,-11.09,-5.09
6.49,-1.79,-0.68,-7.44,-1.44
6.49,-1.78,-0.68,-7.07,-1.07
6.5,-1.78,-0.68,-7.19,-1.19
6.5,-1.77,-0.68,-6.96,-0.96
6.51,-1.76,-0.68,-6.45,-0.45
6.51,-1.76,-0.68,-5.99,0.01
6.52,-1.76,-0.68,-6.17,-0.17
6.52,-1.75,-0.68,-5.58,0.42
6.53,-1.74,-0.63,-4.74,2.26
6.53,-1.73,-0.63,-3.53,3.47
6.54,-1.72,-0.63,-3.48,3.52
6.54,-1.71,-0.63,-2.6,4.4
6.55,-1.69,-0.63,-1.47,5.53
6.55,-1.67,-0.63,-0.54,6.46
6.56,-1.66,-0.63,-0.31,6.69
6.56,-1.64,-0.63,0.94,7.94
6.57,-1.63,-0.29,6.07,11.07
6.57,-1.62,-0.29,6.74,11.74
6.58,-1.61,-0.29,7.1,12.1
6.58,-1.59,-0.29,7.68,12.68
6.59,-1.58,-0.29,8.61,13.61
6.59,-1.56,-0.29,9.27,14.27
6.6,-1.56,-0.29,9.35,14.35
6.6,-1.55,-0.29,10.11,15.11
6.61,-1.54,0.1,15.77,19.77
6.61,-1.52,0.1,16.88,20.88
6.62,-1.5,0.1,17.75,21.75
6.62,-1.48,0.1,18.22,22.22
6.63,-1.46,0.1,18.97,22.97
6.63,-1.45,0.1,19.08,23.08
6.64,-1.44,0.1,19.18,23.18
6.64,-1.44,0.1,19.38,23.38
6.65,-1.43,0.52,26.11,26.11
6.65,-1.43,0.52,26.57,26.57
6.66,-1.48,0.52,22.11,22.11
6.66,-1.46,0.52,21.43,21.43
6.67,-1.55,0.52,13.8,13.8
6.67,-1.68,0.52,3.41,3.41
6.68,-1.71,0.52,2.3,2.3
6.68,-1.76,0.52,0.23,0.23
6.69,-1.81,1.56,3.15,15.15
6.69,-1.86,1.56,2.14,14.14
6.7,-1.89,1.56,2.89,14.89
6.7,-1.88,1.56,4.06,16.06
6.71,-1.87,1.56,3.41,15.41
6.71,-1.89,1.56,3.61,15.61
6.72,-1.88,1.56,5.78,17.78
6.72,-1.86,1.56,7.41,19.41
6.73,-1.83,1.69,10.72,21.72
6.73,-1.81,1.69,11.87,22.87
6.74,-1.79,1.69,13.05,24.05
6.74,-1.76,1.69,14.59,25.59
6.75,-1.74,1.69,15.52,26.52
6.75,-1.72,1.69,16.49,27.49
6.76,-1.7,1.69,18.13,29.13
6.76,-1.7,1.69,18.39,29.39
6.77,-1.69,1.64,23.17,22.17
6.77,-1.69,1.64,21.95,20.95
6.78,-1.69,1.64,21.22,20.22
6.78,-1.71,1.64,21.08,20.08
6.79,-1.73,1.64,20.94,19.94
6.79,-1.68,1.64,22.29,21.29
6.8,-1.81,1.64,7.63,6.63
6.8,-1.93,1.64,-1.54,-2.54
6.81,-2.03,2.04,-7.05,5.95
6.81,-2.06,2.04,-7.37,5.63
6.82,-2.08,2.04,-7.35,5.65
6.82,-2.12,2.04,-8.34,4.66
6.83,-2.14,2.04,-8.12,4.88
6.83,-2.16,2.04,-6.45,6.55
6.84,-2.13,2.04,-2.36,10.64
6.84,-2.06,2.04,4.04,17.04
6.85,-2.02,1.58,6.61,11.61
6.85,-2.02,1.58,4.8,9.8
6.86,-2.02,1.58,3.6,8.6
6.86,-2,1.58,5.85,10.85
6.87,-1.97,1.58,8.45,13.45
6.87,-1.96,1.58,7.43,12.43
6.88,-1.96,1.58,6.62,11.62
6.88,-1.95,1.58,7.88,12.88
6.89,-1.94,1.11,3.16,10.16
6.89,-1.93,1.11,2.72,9.72
6.9,-1.93,1.11,2.48,9.48
6.9,-1.92,1.11,3.11,10.11
6.91,-1.92,1.11,3.15,10.15
6.91,-1.93,1.11,2.42,9.42
6.92,-1.92,1.11,2.25,9.25
6.92,-1.92,1.11,2.68,9.68
6.93,-1.92,0.92,0.93,7.93
6.93,-1.93,0.92,-0.02,6.98
6.94,-1.93,0.92,-0.7,6.3
6.94,-1.94,0.92,-0.58,6.42
6.95,-1.95,0.92,-1.33,5.67
6.95,-1.96,0.92,-2.35,4.65
6.96,-1.96,0.92,-2.9,4.1
6.96,-1.98,0.92,-3.6,3.4
6.97,-1.99,0.65,-7.17,-0.17
6.97,-2,0.65,-7.97,-0.97
6.98,-2.02,0.65,-8.67,-1.67
6.98,-2.03,0.65,-9.18,-2.18
6.99,-2.05,0.65,-10.16,-3.16
6.99,-2.07,0.65,-11.45,-4.45
7,-2.08,0.65,-11.86,-4.86
7,-2.09,0.65,-12.62,-5.62
7.01,-2.1,0.45,-16.12,-7.12
7.01,-2.12,0.45,-17.4,-8.4
7.02,-2.13,0.45,-18.25,-9.25
7.02,-2.14,0.45,-19.6,-10.6
7.03,-2.17,0.45,-21.17,-12.17
7.03,-2.18,0.45,-22.69,-13.69
7.04,-2.21,0.45,-24.51,-15.51
7.04,-2.26,0.45,-26.63,-17.63
7.05,-2.2,-0.13,-23.47,-21.47
7.05,-2.19,-0.13,-21.88,-19.88
7.06,-2.23,-0.13,-26.27,-24.27
7.06,-2.26,-0.13,-29.23,-27.23
7.07,-2.25,-0.13,-25.96,-23.96
7.07,-2.23,-0.13,-24.15,-22.15
7.08,-2.26,-0.13,-27.08,-25.08
7.08,-2.29,-0.13,-29.92,-27.92
7.09,-2.29,-0.84,-35.98,-34.98
7.09,-2.28,-0.84,-33.27,-32.27
7.1,-2.34,-0.84,-29.67,-28.67
7.1,-2.34,-0.84,-26.06,-25.06
7.11,-2.27,-0.84,-22.49,-21.49
7.11,-2.17,-0.84,-15.18,-14.18
7.12,-2.08,-0.84,-11.29,-10.29
7.12,-2.03,-0.84,-9.22,-8.22
7.13,-1.98,-1.94,-26.06,-12.06
7.13,-1.94,-1.94,-24.36,-10.36
7.14,-1.89,-1.94,-21.88,-7.88
7.14,-1.83,-1.94,-18.45,-4.45
7.15,-1.79,-1.94,-16.31,-2.31
7.15,-1.75,-1.94,-14.95,-0.95
7.16,-1.7,-1.94,-12.87,1.13
7.16,-1.66,-1.94,-10.67,3.33
7.17,-1.64,-2.26,-10.46,-3.46
7.17,-1.62,-2.26,-10.95,-3.95
7.18,-1.61,-2.26,-10.92,-3.92
7.18,-1.59,-2.26,-11.24,-4.24
7.19,-1.6,-2.26,-12.78,-5.78
7.19,-1.61,-2.26,-15.02,-8.02
7.2,-1.62,-2.26,-16.13,-9.13
7.2,-1.62,-2.26,-16.62,-9.62
7.21,-1.63,-2.03,-13.86,-9.86
7.21,-1.63,-2.03,-13.88,-9.88
7.22,-1.64,-2.03,-14.04,-10.04
7.22,-1.66,-2.03,-15.41,-11.41
7.23,-1.69,-2.03,-16.85,-12.85
7.23,-1.71,-2.03,-17.66,-13.66
7.24,-1.72,-2.03,-18.27,-14.27
7.24,-1.74,-2.03,-19.57,-15.57
7.25,-1.76,-1.87,-19.84,-15.84
7.25,-1.78,-1.87,-20.56,-16.56
7.26,-1.79,-1.87,-21.13,-17.13
7.26,-1.81,-1.87,-21.69,-17.69
7.27,-1.83,-1.87,-23.36,-19.36
7.27,-1.85,-1.87,-23.95,-19.95
7.28,-1.85,-1.87,-23.36,-19.36
7.28,-1.86,-1.87,-23.64,-19.64
7.29,-1.87,-1.76,-23.7,-19.7
7.29,-1.87,-1.76,-21.45,-17.45
7.3,-1.86,-1.76,-14.89,-10.89
7.3,-1.8,-1.76,-10.2,-6.2
7.31,-1.76,-1.76,-7.84,-3.84
7.31,-1.7,-1.76,-5.24,-1.24
7.32,-1.67,-1.76,-4.78,-0.78
7.32,-1.64,-1.76,-4.94,-0.94
7.33,-1.61,-1.83,-11.03,3.97
7.33,-1.57,-1.83,-9.05,5.95
7.34,-1.53,-1.83,-6.67,8.33
7.34,-1.5,-1.83,-5.68,9.32
7.35,-1.48,-1.83,-5.41,9.59
7.35,-1.46,-1.83,-5.29,9.71
7.36,-1.44,-1.83,-4.63,10.37
7.36,-1.44,-1.83,-4.68,10.32
7.37,-1.44,-1.13,6.17,12.17
7.37,-1.44,-1.13,6.15,12.15
7.38,-1.43,-1.13,5.81,11.81
7.38,-1.43,-1.13,5.89,11.89
7.39,-1.44,-1.13,5.81,11.81
7.39,-1.44,-1.13,6.3,12.3
7.4,-1.42,-1.13,6.81,12.81
7.4,-1.4,-1.13,7.79,13.79
7.41,-1.4,-0.49,16.51,18.51
7.41,-1.41,-0.49,16.79,18.79
7.42,-1.4,-0.49,17.75,19.75
7.42,-1.37,-0.49,19.09,21.09
7.43,-1.36,-0.49,19.88,21.88
7.43,-1.35,-0.49,20.41,22.41
7.44,-1.36,-0.49,20.48,22.48
7.44,-1.32,-0.49,22.64,24.64
7.45,-1.29,0.26,29.89,32.89
7.45,-1.36,0.26,21.49,24.49
7.46,-1.43,0.26,14.68,17.68
7.46,-1.46,0.26,12.29,15.29
7.47,-1.47,0.26,11.48,14.48
7.47,-1.51,0.26,10.91,13.91
7.48,-1.53,0.26,11.27,14.27
7.48,-1.57,0.26,9.76,12.76
7.49,-1.59,1.38,17.03,25.03
7.49,-1.6,1.38,18.1,26.1
7.5,-1.59,1.38,19.62,27.62
7.5,-1.58,1.38,18.94,26.94
7.51,-1.63,1.38,13.54,21.54
7.51,-1.7,1.38,8.05,16.05
7.52,-1.75,1.38,5.8,13.8
7.52,-1.77,1.38,5.79,13.79
7.53,-1.78,2.17,15.3,19.3
7.53,-1.81,2.17,14.87,18.87
7.54,-1.83,2.17,16.41,20.41
7.54,-1.86,2.17,14.53,18.53
7.55,-1.88,2.17,9.92,13.92
7.55,-1.89,2.17,9.11,13.11
7.56,-1.92,2.17,9.48,13.48
7.56,-1.93,2.17,11.05,15.05
7.57,-1.94,2.57,14.73,19.73
7.57,-1.99,2.57,9.52,14.52
7.58,-2.01,2.57,8.43,13.43
7.58,-2.02,2.57,9.25,14.25
7.59,-2.02,2.57,10.25,15.25
7.59,-2.03,2.57,8.95,13.95
7.6,-2.04,2.57,7.2,12.2
7.6,-2.05,2.57,7.6,12.6
7.61,-2.06,2.4,7.46,12.46
7.61,-2.05,2.4,8.59,13.59
7.62,-2.04,2.4,9.38,14.38
7.62,-2.03,2.4,9.87,14.87
7.63,-2.03,2.4,10.2,15.2
7.63,-2.01,2.4,10.6,15.6
7.64,-2.01,2.4,10.58,15.58
7.64,-2.01,2.4,10.04,15.04
7.65,-2.03,2.13,8.33,11.33
7.65,-2.04,2.13,8.44,11.44
7.66,-2.03,2.13,8.77,11.77
7.66,-2.03,2.13,9.86,12.86
7.67,-2.02,2.13,10.83,13.83
7.67,-2.01,2.13,11.16,14.16
7.68,-2,2.13,11.24,14.24
7.68,-2,2.13,11.1,14.1
7.69,-2,1.64,3.96,11.96
7.69,-2,1.64,3.37,11.37
7.7,-2,1.64,2.62,10.62
7.7,-1.99,1.64,3.4,11.4
7.71,-1.99,1.64,3.62,11.62
7.71,-2,1.64,2.84,10.84
7.72,-2.01,1.64,1.79,9.79
7.72,-2.01,1.64,2,10
7.73,-2.01,1.15,-2.82,5.18
7.73,-2.02,1.15,-3.94,4.06
7.74,-2.03,1.15,-4.86,3.14
7.74,-2.03,1.15,-3.85,4.15
7.75,-2.03,1.15,-3.6,4.4
7.75,-2.04,1.15,-5.08,2.92
7.76,-2.05,1.15,-6.49,1.51
7.76,-2.06,1.15,-6.18,1.82
7.77,-2.07,0.8,-9.65,-2.65
7.77,-2.09,0.8,-11.31,-4.31
7.78,-2.11,0.8,-12.37,-5.37
7.78,-2.12,0.8,-12.36,-5.36
7.79,-2.13,0.8,-13.04,-6.04
7.79,-2.15,0.8,-14.07,-7.07
7.8,-2.17,0.8,-14.89,-7.89
7.8,-2.18,0.8,-14.96,-7.96
7.81,-2.19,0.41,-21.14,-11.14
7.81,-2.2,0.41,-21.97,-11.97
7.82,-2.21,0.41,-22.55,-12.55
7.82,-2.22,0.41,-23.26,-13.26
7.83,-2.24,0.41,-24.52,-14.52
7.83,-2.25,0.41,-25.99,-15.99
7.84,-2.27,0.41,-27.62,-17.62
7.84,-2.28,0.41,-28.7,-18.7
7.85,-2.31,-0.46,-37.01,-30.01
7.85,-2.27,-0.46,-32.2,-25.2
7.86,-2.19,-0.46,-24.85,-17.85
7.86,-2.19,-0.46,-25.01,-18.01
7.87,-2.22,-0.46,-29.16,-22.16
7.87,-2.22,-0.46,-29.54,-22.54
7.88,-2.19,-0.46,-24.16,-17.16
7.88,-2.17,-0.46,-21.14,-14.14
7.89,-2.25,-1.52,-31.23,-28.23
7.89,-2.29,-1.52,-32.17,-29.17
7.9,-2.22,-1.52,-27.69,-24.69
7.9,-2.12,-1.52,-20.52,-17.52
7.91,-2.05,-1.52,-17.27,-14.27
7.91,-1.97,-1.52,-13.45,-10.45
7.92,-1.89,-1.52,-8.69,-5.69
7.92,-1.83,-1.52,-5.05,-2.05
7.93,-1.8,-2.57,-19.69,-9.69
7.93,-1.79,-2.57,-21.21,-11.21
7.94,-1.72,-2.57,-16.99,-6.99
7.94,-1.64,-2.57,-10.8,-0.8
7.95,-1.62,-2.57,-10.03,-0.03
7.95,-1.6,-2.57,-11.1,-1.1
7.96,-1.55,-2.57,-9.53,0.47
7.96,-1.52,-2.57,-7.61,2.39
7.97,-1.49,-2.55,-7.55,2.45
7.97,-1.47,-2.55,-7.38,2.62
7.98,-1.44,-2.55,-7.75,2.25
7.98,-1.4,-2.55,-9.94,0.06
7.99,-1.42,-2.55,-13.65,-3.65
7.99,-1.5,-2.55,-16.75,-6.75
8,-1.56,-2.55,-18.11,-8.11
8,-1.57,-2.55,-17.85,-7.85
8.01,-1.57,-1.93,-11.01,-4.01
8.01,-1.58,-1.93,-11.73,-4.73
8.02,-1.6,-1.93,-13.14,-6.14
8.02,-1.63,-1.93,-14.91,-7.91
8.03,-1.64,-1.93,-14.8,-7.8
8.03,-1.65,-1.93,-14.88,-7.88
8.04,-1.66,-1.93,-15.57,-8.57
8.04,-1.68,-1.93,-16.62,-9.62
8.05,-1.69,-1.35,-11.33,-4.33
8.05,-1.7,-1.35,-11.12,-4.12
8.06,-1.71,-1.35,-12.03,-5.03
8.06,-1.72,-1.35,-12.3,-5.3
8.07,-1.72,-1.35,-12.02,-5.02
8.07,-1.72,-1.35,-11.86,-4.86
8.08,-1.72,-1.35,-11.99,-4.99
8.08,-1.72,-1.35,-11.86,-4.86
8.09,-1.72,-0.95,-7.65,-0.65
8.09,-1.71,-0.95,-6.95,0.05
8.1,-1.71,-0.95,-6.7,0.3
8.1,-1.7,-0.95,-6.31,0.69
8.11,-1.7,-0.95,-5.55,1.45
8.11,-1.69,-0.95,-5.08,1.92
8.12,-1.68,-0.95,-4.67,2.33
8.12,-1.68,-0.95,-3.95,3.05
8.13,-1.66,-0.66,-0.23,6.77
8.13,-1.65,-0.66,0.38,7.38
8.14,-1.64,-0.66,1.27,8.27
8.14,-1.62,-0.66,2.51,9.51
8.15,-1.6,-0.66,3.58,10.58
8.15,-1.58,-0.66,4.42,11.42
8.16,-1.57,-0.66,5.32,12.32
8.16,-1.55,-0.66,6.11,13.11
8.17,-1.53,-0.16,12.85,17.85
8.17,-1.52,-0.16,13.34,18.34
8.18,-1.51,-0.16,14.22,19.22
8.18,-1.49,-0.16,14.87,19.87
8.19,-1.48,-0.16,15.83,20.83
8.19,-1.47,-0.16,16.49,21.49
8.2,-1.45,-0.16,17.35,22.35
8.2,-1.43,-0.16,18.32,23.32
8.21,-1.42,0.34,23.48,26.48
8.21,-1.41,0.34,23.6,26.6
8.22,-1.41,0.34,21.94,24.94
8.22,-1.47,0.34,14.47,17.47
8.23,-1.56,0.34,8.02,11.02
8.23,-1.6,0.34,6.33,9.33
8.24,-1.63,0.34,5.58,8.58
8.24,-1.66,0.34,4.25,7.25
8.25,-1.69,1.28,11.03,19.03
8.25,-1.72,1.28,11.84,19.84
8.26,-1.71,1.28,13.57,21.57
8.26,-1.7,1.28,14.03,22.03
8.27,-1.69,1.28,13.61,21.61
8.27,-1.69,1.28,12.63,20.63
8.28,-1.7,1.28,12.48,20.48
8.28,-1.7,1.28,13.24,21.24
8.29,-1.7,1.65,21.5,23.5
8.29,-1.69,1.65,22.39,24.39
8.3,-1.72,1.65,18.57,20.57
8.3,-1.85,1.65,6.19,8.19
8.31,-1.9,1.65,1.55,3.55
8.31,-1.96,1.65,0.37,2.37
8.32,-1.99,1.65,0.23,2.23
8.32,-2.01,1.65,-0.19,1.81
8.33,-2.03,2.05,-0.04,9.96
8.33,-2.05,2.05,0.28,10.28
8.34,-2.06,2.05,0.87,10.87
8.34,-2.05,2.05,2.1,12.1
8.35,-2.05,2.05,2.72,12.72
8.35,-2.03,2.05,4.25,14.25
8.36,-2.01,2.05,6.28,16.28
8.36,-1.98,2.05,8.16,18.16
8.37,-1.95,1.74,10.49,13.49
8.37,-1.94,1.74,10.72,13.72
8.38,-1.93,1.74,9.89,12.89
8.38,-1.94,1.74,9.41,12.41
8.39,-1.94,1.74,10.51,13.51
8.39,-1.93,1.74,11.54,14.54
8.4,-1.92,1.74,11.81,14.81
8.4,-1.91,1.74,12.01,15.01
8.41,-1.91,1.52,9.87,15.87
8.41,-1.9,1.52,10.77,16.77
8.42,-1.88,1.52,11.31,17.31
8.42,-1.86,1.52,12.09,18.09
8.43,-1.85,1.52,12.95,18.95
8.43,-1.84,1.52,13.12,19.12
8.44,-1.83,1.52,13.5,19.5
8.44,-1.82,1.52,14.27,20.27
8.45,-1.81,1.21,11.22,18.22
8.45,-1.8,1.21,11.41,18.41
8.46,-1.8,1.21,11.16,18.16
8.46,-1.79,1.21,11.42,18.42
8.47,-1.79,1.21,11.85,18.85
8.47,-1.79,1.21,11.69,18.69
8.48,-1.78,1.21,11.76,18.76
8.48,-1.78,1.21,11.99,18.99
8.49,-1.78,1,10.16,17.16
8.49,-1.78,1,9.84,16.84
8.5,-1.77,1,9.87,16.87
8.5,-1.81,1,5.2,12.2
8.51,-1.84,1,1.57,8.57
8.51,-1.86,1,1.74,8.74
8.52,-1.86,1,2.17,9.17
8.52,-1.86,1,2.55,9.55
8.53,-1.88,0.85,0.39,8.39
8.53,-1.89,0.85,0.96,8.96
8.54,-1.89,0.85,1.31,9.31
8.54,-1.9,0.85,-0.32,7.68
8.55,-1.92,0.85,-1.95,6.05
8.55,-1.93,0.85,-2.36,5.64
8.56,-1.94,0.85,-2.16,5.84
8.56,-1.96,0.85,-4.1,3.9
8.57,-1.98,0.59,-7.24,-0.24
8.57,-1.98,0.59,-7.37,-0.37
8.58,-2,0.59,-8.09,-1.09
8.58,-2.02,0.59,-9.16,-2.16
8.59,-2.03,0.59,-9.95,-2.95
8.59,-2.05,0.59,-10.49,-3.49
8.6,-2.06,0.59,-11.02,-4.02
8.6,-2.08,0.59,-11.92,-4.92
8.61,-2.09,0.27,-17.2,-7.2
8.61,-2.09,0.27,-17.48,-7.48
8.62,-2.1,0.27,-17.93,-7.93
8.62,-2.11,0.27,-19.05,-9.05
8.63,-2.13,0.27,-20.2,-10.2
8.63,-2.14,0.27,-21.36,-11.36
8.64,-2.16,0.27,-22.66,-12.66
8.64,-2.18,0.27,-24.47,-14.47
8.65,-2.21,-0.26,-30.28,-23.28
8.65,-2.23,-0.26,-32.36,-25.36
8.66,-2.26,-0.26,-34.09,-27.09
8.66,-2.3,-0.26,-35.54,-28.54
8.67,-2.18,-0.26,-24.98,-17.98
8.67,-2.08,-0.26,-14.36,-7.36
8.68,-2.08,-0.26,-14.99,-7.99
8.68,-2.09,-0.26,-17.94,-10.94
8.69,-2.14,-1.23,-29.74,-29.74
8.69,-2.13,-1.23,-29.35,-29.35
8.7,-2.07,-1.23,-19.74,-19.74
8.7,-2.06,-1.23,-15.32,-15.32
8.71,-2.09,-1.23,-17.75,-17.75
8.71,-2.03,-1.23,-14.6,-14.6
8.72,-1.96,-1.23,-9.34,-9.34
8.72,-1.92,-1.23,-6.46,-6.46
8.73,-1.89,-2.06,-21.46,-10.46
8.73,-1.86,-2.06,-21.58,-10.58
8.74,-1.81,-2.06,-18.75,-7.75
8.74,-1.74,-2.06,-13.74,-2.74
8.75,-1.69,-2.06,-9.65,1.35
8.75,-1.66,-2.06,-8.93,2.07
8.76,-1.64,-2.06,-9.12,1.88
8.76,-1.6,-2.06,-7.33,3.67
8.77,-1.58,-2.2,-8.38,1.62
8.77,-1.57,-2.2,-9.43,0.57
8.78,-1.57,-2.2,-12.75,-2.75
8.78,-1.57,-2.2,-16.88,-6.88
8.79,-1.61,-2.2,-18.81,-8.81
8.79,-1.64,-2.2,-18.7,-8.7
8.8,-1.67,-2.2,-19.36,-9.36
8.8,-1.67,-2.2,-18.36,-8.36
8.81,-1.67,-1.69,-10.98,-5.98
8.81,-1.68,-1.69,-12.09,-7.09
8.82,-1.71,-1.69,-14.24,-9.24
8.82,-1.72,-1.69,-15.29,-10.29
8.83,-1.73,-1.69,-15.66,-10.66
8.83,-1.73,-1.69,-15.12,-10.12
8.84,-1.75,-1.69,-16.03,-11.03
8.84,-1.76,-1.69,-16.31,-11.31
8.85,-1.76,-1.33,-12.8,-8.8
8.85,-1.77,-1.33,-13.06,-9.06
8.86,-1.78,-1.33,-13.98,-9.98
8.86,-1.79,-1.33,-14.27,-10.27
8.87,-1.79,-1.33,-13.72,-9.72
8.87,-1.8,-1.33,-14.04,-10.04
8.88,-1.81,-1.33,-15.36,-11.36
8.88,-1.83,-1.33,-16.45,-12.45
8.89,-1.83,-1.23,-16.65,-9.65
8.89,-1.82,-1.23,-16.01,-9.01
8.9,-1.82,-1.23,-15.81,-8.81
8.9,-1.82,-1.23,-15.59,-8.59
8.91,-1.82,-1.23,-15.33,-8.33
8.91,-1.82,-1.23,-15.49,-8.49
8.92,-1.81,-1.23,-14.74,-7.74
8.92,-1.8,-1.23,-14.05,-7.05
8.93,-1.8,-0.86,-10.09,-4.09
8.93,-1.81,-0.86,-10.73,-4.73
8.94,-1.81,-0.86,-11.01,-5.01
8.94,-1.8,-0.86,-10.05,-4.05
8.95,-1.8,-0.86,-9.56,-3.56
8.95,-1.79,-0.86,-9.48,-3.48
8.96,-1.79,-0.86,-9.09,-3.09
8.96,-1.78,-0.86,-8.02,-2.02
8.97,-1.77,-0.75,-6.83,0.17
8.97,-1.75,-0.75,-6.19,0.81
8.98,-1.74,-0.75,-5.49,1.51
8.98,-1.73,-0.75,-4.54,2.46
8.99,-1.72,-0.75,-3.58,3.42
8.99,-1.7,-0.75,-2.74,4.26
9,-1.69,-0.75,-1.85,5.15
9,-1.67,-0.75,-0.29,6.71
9.01,-1.65,-0.53,2.83,9.83
9.01,-1.63,-0.53,4.14,11.14
9.02,-1.61,-0.53,5.68,12.68
9.02,-1.59,-0.53,6.76,13.76
9.03,-1.57,-0.53,7.96,14.96
9.03,-1.54,-0.53,9.57,16.57
9.04,-1.52,-0.53,11.1,18.1
9.04,-1.49,-0.53,12.78,19.78
9.05,-1.47,-0.07,18.86,25.86
9.05,-1.44,-0.07,20.67,27.67
9.06,-1.41,-0.07,22.68,29.68
9.06,-1.38,-0.07,24.15,31.15
9.07,-1.25,-0.07,24.39,31.39
9.07,-1.22,-0.07,22.07,29.07
9.08,-1.28,-0.07,21.08,28.08
9.08,-1.33,-0.07,21.24,28.24
9.09,-1.34,0.85,31.94,30.94
9.09,-1.36,0.85,27.68,26.68
9.1,-1.52,0.85,13.92,12.92
9.1,-1.69,0.85,1.12,0.12
9.11,-1.78,0.85,-2.53,-3.53
9.11,-1.84,0.85,-5.02,-6.02
9.12,-1.93,0.85,-8.54,-9.54
9.12,-2.01,0.85,-10.87,-11.87
9.13,-2.06,0.75,-22.83,-2.83
9.13,-2.07,0.75,-21.34,-1.34
9.14,-2.04,0.75,-16.83,3.17
9.14,-1.83,0.75,1.48,21.48
9.15,-1.67,0.75,14.72,34.72
9.15,-1.66,0.75,13.55,33.55
9.16,-1.64,0.75,11.36,31.36
9.16,-1.62,0.75,8.78,28.78
9.17,-1.61,0.67,16.83,17.83
9.17,-1.61,0.67,16.26,17.26
9.18,-1.62,0.67,15.9,16.9
9.18,-1.61,0.67,16.63,17.63
9.19,-1.61,0.67,17.38,18.38
9.19,-1.6,0.67,17.45,18.45
9.2,-1.61,0.67,16.73,17.73
9.2,-1.62,0.67,17.1,18.1
9.21,-1.61,1.22,23.73,24.73
9.21,-1.61,1.22,23.71,24.71
9.22,-1.6,1.22,23.47,24.47
9.22,-1.58,1.22,23.67,24.67
9.23,-1.59,1.22,21.92,22.92
9.23,-1.61,1.22,20.26,21.26
9.24,-1.68,1.22,13.23,14.23
9.24,-1.78,1.22,2.74,3.74
9.25,-1.84,1.75,-0.98,11.02
9.25,-1.93,1.75,-4.45,7.55
9.26,-1.99,1.75,-5.76,6.24
9.26,-2.02,1.75,-7.07,4.93
9.27,-2.06,1.75,-9.03,2.97
9.27,-2.1,1.75,-11.08,0.92
9.28,-2.14,1.75,-12.64,-0.64
9.28,-2.15,1.75,-11.41,0.59
9.29,-2.13,1.08,-13.01,-3.01
9.29,-2.07,1.08,-5.64,4.36
9.3,-2.02,1.08,-0.89,9.11
9.3,-2.04,1.08,-3.92,6.08
9.31,-2.06,1.08,-7.44,2.56
9.31,-2.06,1.08,-8.62,1.38
9.32,-2.03,1.08,-5.76,4.24
9.32,-2.03,1.08,-4.83,5.17
9.33,-2.05,0.75,-8.88,-1.88
9.33,-2.06,0.75,-10.3,-3.3
9.34,-2.04,0.75,-8.55,-1.55
9.34,-2.04,0.75,-7.86,-0.86
9.35,-2.06,0.75,-9.93,-2.93
9.35,-2.07,0.75,-11.66,-4.66
9.36,-2.07,0.75,-11.47,-4.47
9.36,-2.08,0.75,-11.83,-4.83
9.37,-2.1,0.53,-15.6,-8.6
9.37,-2.12,0.53,-16.88,-9.88
9.38,-2.13,0.53,-17.37,-10.37
9.38,-2.14,0.53,-17.34,-10.34
9.39,-2.16,0.53,-18.18,-11.18
9.39,-2.19,0.53,-20.22,-13.22
9.4,-2.2,0.53,-21.28,-14.28
9.4,-2.21,0.53,-20.72,-13.72
9.41,-2.21,0.37,-22.86,-14.86
9.41,-2.23,0.37,-24.45,-16.45
9.42,-2.24,0.37,-24.9,-16.9
9.42,-2.24,0.37,-24.53,-16.53
9.43,-2.24,0.37,-24.38,-16.38
9.43,-2.24,0.37,-23.77,-15.77
9.44,-2.23,0.37,-22.69,-14.69
9.44,-2.22,0.37,-22.52,-14.52
9.45,-2.23,-0.49,-28.89,-25.89
9.45,-2.22,-0.49,-28.54,-25.54
9.46,-2.21,-0.49,-27.72,-24.72
9.46,-2.22,-0.49,-27.98,-24.98
9.47,-2.21,-0.49,-27.52,-24.52
9.47,-2.21,-0.49,-26.97,-23.97
9.48,-2.23,-0.49,-27.72,-24.72
9.48,-2.22,-0.49,-23.41,-20.41
9.49,-2.17,-1.54,-32.2,-18.2
9.49,-2.1,-1.54,-28.2,-14.2
9.5,-2.04,-1.54,-24.66,-10.66
9.5,-1.98,-1.54,-20.56,-6.56
9.51,-1.93,-1.54,-17.53,-3.53
9.51,-1.85,-1.54,-13.43,0.57
9.52,-1.79,-1.54,-9.63,4.37
9.52,-1.74,-1.54,-8.19,5.81
9.53,-1.7,-1.83,-10.93,3.07
9.53,-1.67,-1.83,-10.3,3.7
9.54,-1.53,-1.83,-6.38,7.62
9.54,-1.47,-1.83,-10.18,3.82
9.55,-1.55,-1.83,-17.65,-3.65
9.55,-1.68,-1.83,-23.21,-9.21
9.56,-1.75,-1.83,-25.8,-11.8
9.56,-1.77,-1.83,-25.23,-11.23
9.57,-1.78,-1.58,-17.11,-14.11
9.57,-1.79,-1.58,-17.71,-14.71
9.58,-1.8,-1.58,-19.48,-16.48
9.58,-1.82,-1.58,-20.97,-17.97
9.59,-1.85,-1.58,-22.87,-19.87
9.59,-1.9,-1.58,-25.8,-22.8
9.6,-1.92,-1.58,-27.4,-24.4
9.6,-1.95,-1.58,-28.68,-25.68
9.61,-1.97,-1.71,-30.83,-27.83
9.61,-1.98,-1.71,-31.06,-28.06
9.62,-2,-1.71,-31.82,-28.82
9.62,-2.02,-1.71,-32.46,-29.46
9.63,-2.03,-1.71,-32.56,-29.56
9.63,-2.04,-1.71,-28.84,-25.84
9.64,-2.01,-1.71,-19.83,-16.83
9.64,-1.9,-1.71,-12.24,-9.24
9.65,-1.83,-2.39,-21.75,-4.75
9.65,-1.78,-2.39,-18.55,-1.55
9.66,-1.76,-2.39,-18.89,-1.89
9.66,-1.71,-2.39,-17.38,-0.38
9.67,-1.63,-2.39,-12.36,4.64
9.67,-1.55,-2.39,-8.38,8.62
9.68,-1.49,-2.39,-6.39,10.61
9.68,-1.45,-2.39,-6.33,10.67
9.69,-1.39,-2.28,-2.78,7.22
9.69,-1.37,-2.28,-9.12,0.88
9.7,-1.4,-2.28,-12.44,-2.44
9.7,-1.45,-2.28,-13.77,-3.77
9.71,-1.5,-2.28,-15.35,-5.35
9.71,-1.51,-2.28,-14.08,-4.08
9.72,-1.51,-2.28,-11.53,-1.53
9.72,-1.5,-2.28,-10.77,-0.77
9.73,-1.51,-1.89,-7.02,-0.02
9.73,-1.51,-1.89,-6.89,0.11
9.74,-1.5,-1.89,-6.66,0.34
9.74,-1.51,-1.89,-8.18,-1.18
9.75,-1.53,-1.89,-9.13,-2.13
9.75,-1.54,-1.89,-8.56,-1.56
9.76,-1.54,-1.89,-8.74,-1.74
9.76,-1.54,-1.89,-8.92,-1.92
9.77,-1.54,-1.33,-2.88,3.12
9.77,-1.54,-1.33,-2.42,3.58
9.78,-1.53,-1.33,-2.02,3.98
9.78,-1.52,-1.33,-1.63,4.37
9.79,-1.51,-1.33,-1.02,4.98
9.79,-1.51,-1.33,-0.24,5.76
9.8,-1.5,-1.33,0.15,6.15
9.8,-1.5,-1.33,0.62,6.62
9.81,-1.48,-0.93,5.57,11.57
9.81,-1.47,-0.93,6.29,12.29
9.82,-1.46,-0.93,6.49,12.49
9.82,-1.44,-0.93,7.12,13.12
9.83,-1.43,-0.93,8.08,14.08
9.83,-1.42,-0.93,8.58,14.58
9.84,-1.42,-0.93,8.78,14.78
9.84,-1.41,-0.93,9.26,15.26
9.85,-1.39,-0.5,15.48,19.48
9.85,-1.38,-0.5,16.49,20.49
9.86,-1.36,-0.5,16.77,20.77
9.86,-1.35,-0.5,17,21
9.87,-1.34,-0.5,17.52,21.52
9.87,-1.33,-0.5,17.59,21.59
9.88,-1.33,-0.5,17.72,21.72
9.88,-1.33,-0.5,18.25,22.25
9.89,-1.32,0.1,26.41,26.41
9.89,-1.31,0.1,26.94,26.94
9.9,-1.29,0.1,26.93,26.93
9.9,-1.29,0.1,26.43,26.43
9.91,-1.39,0.1,20.4,20.4
9.91,-1.43,0.1,17.97,17.97
9.92,-1.49,0.1,11.71,11.71
9.92,-1.63,0.1,-1.09,-1.09
9.93,-1.69,0.97,-1.21,10.79
9.93,-1.77,0.97,-3.01,8.99
9.94,-1.83,0.97,-4.2,7.8
9.94,-1.84,0.97,-6.33,5.67
9.95,-1.87,0.97,-9.25,2.75
9.95,-1.92,0.97,-10.05,1.95
9.96,-1.95,0.97,-8.61,3.39
9.96,-1.89,0.97,-1.83,10.17
9.97,-1.78,0.68,8.22,15.22
9.97,-1.68,0.68,16.38,23.38
9.98,-1.68,0.68,15.46,22.46
9.98,-1.67,0.68,14.73,21.73
9.99,-1.63,0.68,15.75,22.75
9.99,-1.58,0.68,17.55,24.55
10,-1.54,0.68,19.51,26.51
10,-1.51,0.68,21.59,28.59
10.01,-1.48,0.93,28.33,28.33
10.01,-1.46,0.93,28.42,28.42
10.02,-1.44,0.93,29.6,29.6
10.02,-1.4,0.93,31.25,31.25
10.03,-1.41,0.93,29.86,29.86
10.03,-1.52,0.93,19.26,19.26
10.04,-1.73,0.93,-0.5,-0.5
10.04,-1.77,0.93,-3.62,-3.62
10.05,-1.86,1.1,-13.4,4.6
10.05,-1.94,1.1,-15.69,2.31
10.06,-1.98,1.1,-15.89,2.11
10.06,-2,1.1,-15.5,2.5
10.07,-1.99,1.1,-12.49,5.51
10.07,-1.9,1.1,-2.52,15.48
10.08,-1.7,1.1,17.55,35.55
10.08,-1.65,1.1,20.96,38.96
10.09,-1.57,0.92,30.21,28.21
10.09,-1.56,0.92,28.09,26.09
10.1,-1.56,0.92,25.41,23.41
10.1,-1.57,0.92,22.9,20.9
10.11,-1.54,0.92,23.95,21.95
10.11,-1.53,0.92,25.4,23.4
10.12,-1.51,0.92,26.21,24.21
10.12,-1.52,0.92,25.87,23.87
10.13,-1.51,1.39,29.16,29.16
10.13,-1.56,1.39,23.76,23.76
10.14,-1.73,1.39,7.1,7.1
10.14,-1.81,1.39,0.42,0.42
10.15,-1.88,1.39,-1.5,-1.5
10.15,-1.92,1.39,-2.8,-2.8
10.16,-1.95,1.39,-3.78,-3.78
10.16,-2,1.39,-3.72,-3.72
10.17,-2.03,1.28,-9.95,4.05
10.17,-2.02,1.28,-8.08,5.92
10.18,-2.01,1.28,-6.69,7.31
10.18,-1.98,1.28,-4.6,9.4
10.19,-1.96,1.28,-2.02,11.98
10.19,-1.92,1.28,1.04,15.04
10.2,-1.88,1.28,3.94,17.94
10.2,-1.86,1.28,4.29,18.29
10.21,-1.86,0.74,2.73,6.73
10.21,-1.85,0.74,2.27,6.27
10.22,-1.84,0.74,3.76,7.76
10.22,-1.83,0.74,4.85,8.85
10.23,-1.84,0.74,4.72,8.72
10.23,-1.82,0.74,5.69,9.69
10.24,-1.8,0.74,7.05,11.05
10.24,-1.78,0.74,8.44,12.44
10.25,-1.77,0.67,6.55,13.55
10.25,-1.76,0.67,6.7,13.7
10.26,-1.74,0.67,7.99,14.99
10.26,-1.73,0.67,8.67,15.67
10.27,-1.72,0.67,8.67,15.67
10.27,-1.71,0.67,8.82,15.82
10.28,-1.7,0.67,9.31,16.31
10.28,-1.69,0.67,9.84,16.84
10.29,-1.68,0.62,10.04,16.04
10.29,-1.68,0.62,9.84,15.84
10.3,-1.67,0.62,10.1,16.1
10.3,-1.67,0.62,10.28,16.28
10.31,-1.67,0.62,10.26,16.26
10.31,-1.66,0.62,10.14,16.14
10.32,-1.66,0.62,10.33,16.33
10.32,-1.66,0.62,9.99,15.99
10.33,-1.67,0.58,9.53,15.53
10.33,-1.67,0.58,9.01,15.01
10.34,-1.68,0.58,7.2,13.2
10.34,-1.7,0.58,5.61,11.61
10.35,-1.7,0.58,6.89,12.89
10.35,-1.69,0.58,8.34,14.34
10.36,-1.7,0.58,7.22,13.22
10.36,-1.71,0.58,5.83,11.83
10.37,-1.72,0.56,4.77,12.77
10.37,-1.72,0.56,5.03,13.03
10.38,-1.73,0.56,4.06,12.06
10.38,-1.74,0.56,2.77,10.77
10.39,-1.75,0.56,2.72,10.72
10.39,-1.76,0.56,2.16,10.16
10.4,-1.78,0.56,0.92,8.92
10.4,-1.79,0.56,-0.49,7.51
10.41,-1.81,0.39,-2,5
10.41,-1.82,0.39,-2.77,4.23
10.42,-1.84,0.39,-3.84,3.16
10.42,-1.86,0.39,-4.93,2.07
10.43,-1.87,0.39,-5.56,1.44
10.43,-1.89,0.39,-6.19,0.81
10.44,-1.9,0.39,-7.51,-0.51
10.44,-1.92,0.39,-8.17,-1.17
10.45,-1.93,0.27,-10.71,-2.71
10.45,-1.95,0.27,-11.82,-3.82
10.46,-1.96,0.27,-12.85,-4.85
10.46,-1.98,0.27,-13.73,-5.73
10.47,-2,0.27,-15.44,-7.44
10.47,-2.02,0.27,-16.92,-8.92
10.48,-2.04,0.27,-18.58,-10.58
10.48,-2.07,0.27,-20.62,-12.62
10.49,-2.11,-0.26,-27.33,-20.33
10.49,-2.14,-0.26,-29.22,-22.22
10.5,-2.16,-0.26,-30.88,-23.88
